Date,time,photo_counter,Latitude,Longitude,sun_angle,day_or_night,Sublat,Sublong
210424,043021,1,-25.121728,171.586769,20.596403,Day,-25:07:18.2,171:35:12.4
210424,043032,2,-25.637547,172.080127,19.933851,Day,-25:38:15.2,172:04:48.5
210424,043043,3,-26.151357,172.578144,19.271022,Day,-26:09:04.9,172:34:41.3
210424,043054,4,-26.663091,173.080969,18.60793,Day,-26:39:47.1,173:04:51.5
210424,043105,5,-27.172685,173.588725,17.944611,Day,-27:10:21.7,173:35:19.4
210424,043117,6,-27.726087,174.148418,17.220773,Day,-27:43:33.9,174:08:54.3
210424,043128,7,-28.23099,174.666925,16.55708,Day,-28:13:51.6,174:40:00.9
210424,043139,8,-28.73354,175.190773,15.89327,Day,-28:44:00.7,175:11:26.8
210424,043150,9,-29.233664,175.720113,15.229133,Day,-29:14:01.2,175:43:12.4
210424,043201,10,-29.731288,176.255094,14.564419,Day,-29:43:52.6,176:15:18.3
210424,043212,11,-30.22634,176.79584,13.900195,Day,-30:13:34.8,176:47:45.0
210424,043223,12,-30.718738,177.342501,13.236072,Day,-30:43:07.5,177:20:33.0
210424,043234,13,-31.208401,177.895241,12.57202,Day,-31:12:30.2,177:53:42.9
210424,043245,14,-31.695254,178.454183,11.908116,Day,-31:41:42.9,178:27:15.1
210424,043256,15,-32.179207,179.019477,11.244429,Day,-32:10:45.1,179:01:10.1
210424,043307,16,-32.660175,179.591286,10.58103,Day,-32:39:36.6,179:35:28.6
210424,043317,17,-33.094753,-179.883113,9.978279,Day,-33:05:41.1,-179:52:59.2
210424,043328,18,-33.569779,-179.298449,9.315719,Day,-33:34:11.2,-179:17:54.4
210424,043339,19,-34.041557,-178.706845,8.653802,Day,-34:02:29.6,-178:42:24.6
210424,043350,20,-34.509995,-178.108125,7.992681,Day,-34:30:36.0,-178:06:29.2
210424,043401,21,-34.974998,-177.50215,7.332585,Day,-34:58:30.0,-177:30:07.7
210424,043412,22,-35.436459,-176.888758,6.67378,Day,-35:26:11.3,-176:53:19.5
210424,043423,23,-35.894283,-176.267798,6.01662,Day,-35:53:39.4,-176:16:04.1
210424,043434,24,-36.348365,-175.63912,5.36157,Day,-36:20:54.1,-175:38:20.8
210424,043445,25,-36.798597,-175.00256,4.709233,Day,-36:47:54.9,-175:00:09.2
210424,043455,26,-37.204467,-174.416899,4.119277,Day,-37:12:16.1,-174:25:00.8
210424,043506,27,-37.647043,-173.764862,3.474686,Day,-37:38:49.4,-173:45:53.5
210424,043517,28,-38.085446,-173.104506,2.836175,Day,-38:05:07.6,-173:06:16.2
210424,043528,29,-38.519555,-172.435666,2.205848,Day,-38:31:10.4,-172:26:08.4
210424,043538,30,-38.910375,-171.820157,1.642377,Day,-38:54:37.4,-171:49:12.6
210424,043549,31,-39.335961,-171.134706,1.036679,Day,-39:20:09.5,-171:08:04.9
210424,043600,32,-39.756899,-170.440363,0.45072,Day,-39:45:24.8,-170:26:25.3
210424,043611,33,-40.173062,-169.736963,-0.109582,Day,-40:10:23.0,-169:44:13.1
210424,043622,34,-40.584322,-169.024383,-0.638648,Day,-40:35:03.6,-169:01:27.8
210424,043632,35,-40.953828,-168.36848,-1.09027,Night,-40:57:13.8,-168:22:06.5
210424,043642,35,-41.319072,-167.704777,-1.517275,Night,-41:19:08.7,-167:42:17.2
210424,043652,35,-41.679949,-167.033178,-1.932381,Night,-41:40:47.8,-167:01:59.4
210424,043702,35,-42.036355,-166.353574,-2.369141,Night,-42:02:10.9,-166:21:12.9
210424,043711,35,-42.353207,-165.735018,-2.875985,Night,-42:21:11.5,-165:44:06.1
210424,043721,35,-42.70082,-165.039992,-4.241971,Night,-42:42:03.0,-165:02:24.0
210424,043731,35,-43.043644,-164.336715,-5.270768,Night,-43:02:37.1,-164:20:12.2
210424,043741,35,-43.381574,-163.625132,-6.02478,Night,-43:22:53.7,-163:37:30.5
210424,043750,35,-43.68143,-162.977548,-6.63885,Night,-43:40:53.1,-162:58:39.2
210424,043800,35,-44.00974,-162.249983,-7.28991,Night,-44:00:35.1,-162:14:59.9
210424,043810,35,-44.332822,-161.513934,-7.923749,Night,-44:19:58.2,-161:30:50.2
210424,043820,35,-44.650552,-160.769321,-8.539701,Night,-44:39:02.0,-160:46:09.6
210424,043829,35,-44.931843,-160.091848,-9.08661,Night,-44:55:54.6,-160:05:30.7
210424,043839,35,-45.239089,-159.330896,-9.694172,Night,-45:14:20.7,-159:19:51.2
210424,043849,35,-45.540641,-158.561298,-10.301594,Night,-45:32:26.3,-158:33:40.7
210424,043858,35,-45.807067,-157.861258,-10.848142,Night,-45:48:25.4,-157:51:40.5
210424,043908,35,-46.097462,-157.075199,-11.455265,Night,-46:05:50.9,-157:04:30.7
210424,043918,35,-46.38181,-156.280452,-12.062232,Night,-46:22:54.5,-156:16:49.6
210424,043928,35,-46.65998,-155.477058,-12.669011,Night,-46:39:35.9,-155:28:37.4
210424,043937,35,-46.904955,-154.74661,-13.214954,Night,-46:54:17.8,-154:44:47.8
210424,043947,35,-47.171055,-153.926823,-13.821369,Night,-47:10:15.8,-153:55:36.6
210424,043957,35,-47.430623,-153.098458,-14.427586,Night,-47:25:50.2,-153:05:54.4
210424,044006,35,-47.658543,-152.345648,-14.972996,Night,-47:39:30.8,-152:20:44.3
210424,044016,35,-47.905352,-151.501177,-15.578782,Night,-47:54:19.3,-151:30:04.2
210424,044026,35,-48.145266,-150.648319,-16.184343,Night,-48:08:43.0,-150:38:53.9
210424,044036,35,-48.378162,-149.787196,-16.789647,Night,-48:22:41.4,-149:47:13.9
210424,044045,35,-48.581667,-149.005194,-17.3342,Night,-48:34:54.0,-149:00:18.7
210424,044055,35,-48.800896,-148.128635,-17.939012,Night,-48:48:03.2,-148:07:43.1
210424,044105,35,-49.012754,-147.244166,-18.543532,Night,-49:00:45.9,-147:14:39.0
210424,044115,35,-49.217127,-146.351911,-19.147764,Night,-49:13:01.7,-146:21:06.9
210424,044124,35,-49.394565,-145.54237,-19.691314,Night,-49:23:40.4,-145:32:32.5
210424,044134,35,-49.584397,-144.635813,-20.294953,Night,-49:35:03.8,-144:38:08.9
210424,044144,35,-49.766408,-143.722002,-20.898262,Night,-49:45:59.1,-143:43:19.2
210424,044153,35,-49.923441,-142.893541,-21.440947,Night,-49:55:24.4,-142:53:36.7
210424,044203,35,-50.090299,-141.966534,-22.043594,Night,-50:05:25.1,-141:57:59.5
210424,044213,35,-50.249029,-141.032929,-22.64587,Night,-50:14:56.5,-141:01:58.5
210424,044223,35,-50.399532,-140.092972,-23.247761,Night,-50:23:58.3,-140:05:34.7
210424,044232,35,-50.527871,-139.241794,-23.789131,Night,-50:31:40.3,-139:14:30.5
210424,044242,35,-50.662481,-138.290526,-24.390252,Night,-50:39:44.9,-138:17:25.9
210424,044252,35,-50.788593,-137.333726,-24.99095,Night,-50:47:18.9,-137:20:01.4
210424,044301,35,-50.894762,-136.468136,-25.531198,Night,-50:53:41.1,-136:28:05.3
210424,044311,35,-51.004506,-135.501705,-26.131033,Night,-51:00:16.2,-135:30:06.1
210424,044321,35,-51.105521,-134.530684,-26.730394,Night,-51:06:19.9,-134:31:50.5
210424,044331,35,-51.197739,-133.555415,-27.329264,Night,-51:11:51.9,-133:33:19.5
210424,044340,35,-51.273165,-132.674335,-27.867814,Night,-51:16:23.4,-132:40:27.6
210424,044350,35,-51.348498,-131.692017,-28.465688,Night,-51:20:54.6,-131:41:31.3
210424,044400,35,-51.414864,-130.706516,-29.063018,Night,-51:24:53.5,-130:42:23.5
210424,044410,35,-51.472217,-129.718229,-29.659786,Night,-51:28:20.0,-129:43:05.6
210424,044419,35,-51.516091,-128.826711,-30.196376,Night,-51:30:57.9,-128:49:36.2
210424,044429,35,-51.556208,-127.834244,-30.791995,Night,-51:33:22.3,-127:50:03.3
210424,044439,35,-51.587206,-126.840137,-31.387001,Night,-51:35:13.9,-126:50:24.5
210424,044449,35,-51.60907,-125.844842,-31.981336,Night,-51:36:32.7,-125:50:41.4
210424,044458,35,-51.620917,-124.94838,-32.515669,Night,-51:37:15.3,-124:56:54.2
210424,044508,35,-51.625374,-123.951937,-33.108703,Night,-51:37:31.3,-123:57:07.0
210424,044518,35,-51.620668,-122.955494,-33.701014,Night,-51:37:14.4,-122:57:19.8
210424,044527,35,-51.608595,-122.059046,-34.233455,Night,-51:36:30.9,-122:03:32.6
210424,044537,35,-51.586482,-121.063778,-34.824307,Night,-51:35:11.3,-121:03:49.6
210424,044547,35,-51.555234,-120.069726,-35.414357,Night,-51:33:18.8,-120:04:11.0
210424,044557,35,-51.514871,-119.077286,-36.00358,Night,-51:30:53.5,-119:04:38.2
210424,044606,35,-51.470772,-118.185837,-36.533131,Night,-51:28:14.8,-118:11:09.0
210424,044616,35,-51.413173,-117.197618,-37.120678,Night,-51:24:47.4,-117:11:51.4
210424,044626,35,-51.346562,-116.212199,-37.707292,Night,-51:20:47.6,-116:12:43.9
210424,044636,35,-51.270982,-115.229963,-38.292943,Night,-51:16:15.5,-115:13:47.9
210424,044645,35,-51.195341,-114.348985,-38.819175,Night,-51:11:43.2,-114:20:56.3
210424,044655,35,-51.102881,-113.373832,-39.402893,Night,-51:06:10.4,-113:22:25.8
210424,044705,35,-51.001627,-112.402927,-39.985539,Night,-51:00:05.9,-112:24:10.5
210424,044715,35,-50.891647,-111.436626,-40.567068,Night,-50:53:29.9,-111:26:11.9
210424,044724,35,-50.785271,-110.571159,-41.089458,Night,-50:47:07.0,-110:34:16.2
210424,044734,35,-50.658922,-109.614509,-41.668754,Night,-50:39:32.1,-109:36:52.2
210424,044744,35,-50.524084,-108.663399,-42.246803,Night,-50:31:26.7,-108:39:48.2
210424,044753,35,-50.39554,-107.812371,-42.765945,Night,-50:23:43.9,-107:48:44.5
210424,044803,35,-50.244811,-106.872585,-43.341495,Night,-50:14:41.3,-106:52:21.3
210424,044813,35,-50.085859,-105.939151,-43.915654,Night,-50:05:09.1,-105:56:20.9
210424,044823,35,-49.918779,-105.012335,-44.488365,Night,-49:55:07.6,-105:00:44.4
210424,044832,35,-49.761552,-104.184045,-45.002518,Night,-49:45:41.6,-104:11:02.6
210424,044842,35,-49.579325,-103.270425,-45.572316,Night,-49:34:45.6,-103:16:13.5
210424,044852,35,-49.389286,-102.364072,-46.140486,Night,-49:23:21.4,-102:21:50.7
210424,044902,35,-49.191541,-101.465165,-46.706971,Night,-49:11:29.5,-101:27:54.6
210424,044911,35,-49.007082,-100.662679,-47.215301,Night,-49:00:25.5,-100:39:45.6
210424,044921,35,-48.795018,-99.778416,-47.778375,Night,-48:47:42.1,-99:46:42.3
210424,044931,35,-48.575592,-98.902089,-48.339544,Night,-48:34:32.1,-98:54:07.5
210424,044940,35,-48.371912,-98.120285,-48.842898,Night,-48:22:18.9,-98:07:13.0
210424,044950,35,-48.138822,-97.25938,-49.400221,Night,-48:08:19.8,-97:15:33.8
210424,045000,35,-47.89872,-96.406761,-49.955392,Night,-47:53:55.4,-96:24:24.3
210424,045010,35,-47.651723,-95.562515,-50.508323,Night,-47:39:06.2,-95:33:45.1
210424,045019,35,-47.423639,-94.809917,-51.003963,Night,-47:25:25.1,-94:48:35.7
210424,045029,35,-47.163894,-93.981791,-51.552355,Night,-47:09:50.0,-93:58:54.4
210424,045039,35,-46.897619,-93.162237,-52.0982,Night,-46:53:51.4,-93:09:44.1
210424,045049,35,-46.624937,-92.351295,-52.641388,Night,-46:37:29.8,-92:21:04.7
210424,045058,35,-46.374147,-91.628839,-53.127892,Night,-46:22:26.9,-91:37:43.8
210424,045108,35,-46.089635,-90.834337,-53.665694,Night,-46:05:22.7,-90:50:03.6
210424,045118,35,-45.799079,-90.048511,-54.200474,Night,-45:47:56.7,-90:02:54.6
210424,045128,35,-45.502597,-89.271358,-54.732088,Night,-45:30:09.4,-89:16:16.9
210424,045137,35,-45.2308,-88.57933,-55.207712,Night,-45:13:50.9,-88:34:45.6
210424,045147,35,-44.923404,-87.818618,-55.732896,Night,-44:55:24.3,-87:49:07.0
210424,045157,35,-44.610435,-87.066525,-56.254469,Night,-44:36:37.6,-87:03:59.5
210424,045206,35,-44.324099,-86.396982,-56.720643,Night,-44:19:26.8,-86:23:49.1
210424,045216,35,-44.000878,-85.661159,-57.234858,Night,-44:00:03.2,-85:39:40.2
210424,045226,35,-43.672428,-84.933833,-57.744926,Night,-43:40:20.7,-84:56:01.8
210424,045236,35,-43.338865,-84.214942,-58.250647,Night,-43:20:19.9,-84:12:53.8
210424,045245,35,-43.034386,-83.575103,-58.701897,Night,-43:02:03.8,-83:34:30.4
210424,045255,35,-42.691428,-82.872058,-59.198766,Night,-42:41:29.1,-82:52:19.4
210424,045305,35,-42.343689,-82.17725,-59.690621,Night,-42:20:37.3,-82:10:38.1
210424,045315,35,-41.991276,-81.490604,-60.177231,Night,-41:59:28.6,-81:29:26.2
210424,045324,35,-41.670199,-80.879521,-60.610477,Night,-41:40:12.7,-80:52:46.3
210424,045334,35,-41.309203,-80.208134,-61.086377,Night,-41:18:33.1,-80:12:29.3
210424,045344,35,-40.943842,-79.544643,-61.556219,Night,-40:56:37.8,-79:32:40.7
210424,045353,35,-40.611376,-78.95418,-61.973646,Night,-40:36:41.0,-78:57:15.0
210424,045403,35,-40.238007,-78.305435,-62.431119,Night,-40:14:16.8,-78:18:19.6
210424,045413,35,-39.860571,-77.664305,-62.881604,Night,-39:51:38.1,-77:39:51.5
210424,045423,35,-39.479163,-77.030682,-63.32474,Night,-39:28:45.0,-77:01:50.5
210424,045432,35,-39.132578,-76.466754,-63.71697,Night,-39:07:57.3,-76:28:00.3
210424,045442,35,-38.743889,-75.847106,-64.145086,Night,-38:44:38.0,-75:50:49.6
210424,045452,35,-38.351499,-75.23465,-64.564726,Night,-38:21:05.4,-75:14:04.7
210424,045502,35,-37.955505,-74.629276,-64.975446,Night,-37:57:19.8,-74:37:45.4
210424,045511,35,-37.5961,-74.090402,-65.337098,Night,-37:35:46.0,-74:05:25.4
210424,045521,35,-37.193495,-73.498177,-65.729629,Night,-37:11:36.6,-73:29:53.4
210424,045531,35,-36.787539,-72.9127,-66.111887,Night,-36:47:15.1,-72:54:45.7
210424,045540,35,-36.419381,-72.391447,-66.446717,Night,-36:25:09.8,-72:23:29.2
210424,045550,35,-36.007282,-71.818483,-66.808068,Night,-36:00:26.2,-71:49:06.5
210424,045600,35,-35.592068,-71.251932,-67.157637,Night,-35:35:31.4,-71:15:07.0
210424,045610,35,-35.173818,-70.691679,-67.494878,Night,-35:10:25.7,-70:41:30.0
210424,045619,35,-34.794862,-70.192741,-67.787387,Night,-34:47:41.5,-70:11:33.9
210424,045629,35,-34.371052,-69.64414,-68.09965,Night,-34:22:15.8,-69:38:38.9
210424,045639,35,-33.944428,-69.101495,-68.39791,Night,-33:56:39.9,-69:06:05.4
210424,045649,35,-33.515059,-68.564704,-68.681596,Night,-33:30:54.2,-68:33:52.9
210424,045658,35,-33.126339,-68.086488,-68.923951,Night,-33:07:34.8,-68:05:11.4
210424,045708,35,-32.691946,-67.560481,-69.178307,Night,-32:41:31.0,-67:33:37.7
210424,045718,35,-32.255012,-67.039987,-69.416367,Night,-32:15:18.0,-67:02:24.0
210424,045727,35,-31.859653,-66.576162,-69.616218,Night,-31:51:34.8,-66:34:34.2
210424,045737,35,-31.418064,-66.065831,-69.821773,Night,-31:25:05.0,-66:03:57.0
210424,045747,35,-30.974126,-65.560684,-70.009419,Night,-30:58:26.9,-65:33:38.5
210424,045757,35,-30.527889,-65.060612,-70.178657,Night,-30:31:40.4,-65:03:38.2
210424,045806,35,-30.124368,-64.614798,-70.314837,Night,-30:07:27.7,-64:36:53.3
210424,045816,35,-29.673941,-64.12407,-70.447814,Night,-29:40:26.2,-64:07:26.7
210424,045826,35,-29.221397,-63.638095,-70.561113,Night,-29:13:17.0,-63:38:17.1
210424,045836,35,-28.766786,-63.156772,-70.65438,Night,-28:46:00.4,-63:09:24.4
210424,045845,35,-28.35592,-62.727474,-70.72096,Night,-28:21:21.3,-62:43:38.9
210424,045855,35,-27.897541,-62.254695,-70.775424,Night,-27:53:51.1,-62:15:16.9
210424,045905,35,-27.437256,-61.786267,-70.809179,Night,-27:26:14.1,-61:47:10.6
210424,045914,35,-27.021415,-61.368314,-70.82176,Night,-27:01:17.1,-61:22:05.9
210424,045924,35,-26.557654,-60.907864,-70.81592,Night,-26:33:27.6,-60:54:28.3
210424,045934,35,-26.092135,-60.451464,-70.789242,Night,-26:05:31.7,-60:27:05.3
210424,045944,35,-25.624908,-59.999018,-70.741806,Night,-25:37:29.7,-59:59:56.5
210424,045953,35,-25.202983,-59.595115,-70.681489,Night,-25:12:10.7,-59:35:42.4
210424,050003,35,-24.732643,-59.149909,-70.59508,Night,-24:43:57.5,-59:08:59.7
210424,050013,35,-24.260731,-58.708379,-70.488536,Night,-24:15:38.6,-58:42:30.2
210424,050023,35,-23.787292,-58.270427,-70.362177,Night,-23:47:14.2,-58:16:13.5
210424,050032,35,-23.359928,-57.879255,-70.23183,Night,-23:21:35.7,-57:52:45.3
210424,050042,35,-22.88371,-57.44784,-70.068903,Night,-22:53:01.4,-57:26:52.2
210424,050052,35,-22.406092,-57.019741,-69.887384,Night,-22:24:21.9,-57:01:11.1
210424,050102,35,-21.927115,-56.594862,-69.687778,Night,-21:55:37.6,-56:35:41.5
210424,050111,35,-21.494908,-56.215151,-69.49309,Night,-21:29:41.7,-56:12:54.5
210424,050121,35,-21.013459,-55.796143,-69.26057,Night,-21:00:48.5,-55:47:46.1
210424,050131,35,-20.530768,-55.380106,-69.011555,Night,-20:31:50.8,-55:22:48.4
210424,050140,35,-20.095316,-55.008134,-68.773803,Night,-20:05:43.1,-55:00:29.3
210424,050150,35,-19.610371,-54.597496,-68.495029,Night,-19:36:37.3,-54:35:51.0
210424,050200,35,-19.124292,-54.189577,-68.201454,Night,-19:07:27.5,-54:11:22.5
210424,050210,35,-18.637117,-53.784294,-67.893658,Night,-18:38:13.6,-53:47:03.5
210424,050219,35,-18.197752,-53.421727,-67.604973,Night,-18:11:51.9,-53:25:18.2
210424,050229,35,-17.708592,-53.021235,-67.271783,Night,-17:42:30.9,-53:01:16.4
210424,050239,35,-17.218439,-52.623145,-66.926053,Night,-17:13:06.4,-52:37:23.3
210424,050249,35,-16.727326,-52.22738,-66.568328,Night,-16:43:38.4,-52:13:38.6
210424,050258,35,-16.284532,-51.873115,-66.236586,Night,-16:17:04.3,-51:52:23.2
210424,050308,35,-15.791688,-51.48155,-65.857572,Night,-15:47:30.1,-51:28:53.6
210424,050318,35,-15.297979,-51.092093,-65.468101,Night,-15:17:52.7,-51:05:31.5
210424,050327,35,-14.852929,-50.743313,-65.109031,Night,-14:51:10.5,-50:44:35.9
210424,050337,35,-14.357669,-50.357636,-64.701016,Night,-14:21:27.6,-50:21:27.5
210424,050347,35,-13.861635,-49.973847,-64.283917,Night,-13:51:41.9,-49:58:25.9
210424,050357,35,-13.36486,-49.591869,-63.858157,Night,-13:21:53.5,-49:35:30.7
210424,050406,35,-12.917153,-49.249578,-63.467921,Night,-12:55:01.8,-49:14:58.5
210424,050416,35,-12.419052,-48.870844,-63.026848,Night,-12:25:08.6,-48:52:15.0
210424,050426,35,-11.920295,-48.493715,-62.578289,Night,-11:55:13.1,-48:29:37.4
210424,050436,35,-11.420914,-48.118116,-62.122585,Night,-11:25:15.3,-48:07:05.2
210424,050445,35,-10.970958,-47.781333,-61.706641,Night,-10:58:15.4,-47:46:52.8
210424,050455,35,-10.470466,-47.408459,-61.238329,Night,-10:28:13.7,-47:24:30.5
210424,050505,35,-9.96943,-47.036917,-60.763829,Night,-9:58:09.9,-47:02:12.9
210424,050515,35,-9.467878,-46.666643,-60.283448,Night,-9:28:04.4,-46:39:59.9
210424,050524,35,-9.016064,-46.334419,-59.846316,Night,-9:00:57.8,-46:20:03.9
210424,050534,35,-8.513608,-45.96636,-59.355526,Night,-8:30:49.0,-45:57:58.9
210424,050544,35,-8.010716,-45.599374,-58.859626,Night,-8:00:38.6,-45:35:57.7
210424,050553,35,-7.557761,-45.269944,-58.409155,Night,-7:33:27.9,-45:16:11.8
210424,050603,35,-7.054112,-44.904809,-57.90422,Night,-7:03:14.8,-44:54:17.3
210424,050613,35,-6.550103,-44.540555,-57.394845,Night,-6:33:00.4,-44:32:26.0
210424,050623,35,-6.045761,-44.177114,-56.881235,Night,-6:02:44.7,-44:10:37.6
210424,050632,35,-5.591589,-43.850658,-56.415525,Night,-5:35:29.7,-43:51:02.4
210424,050642,35,-5.086683,-43.48859,-55.894406,Night,-5:05:12.1,-43:29:18.9
210424,050652,35,-4.581519,-43.127146,-55.369591,Night,-4:34:53.5,-43:07:37.7
210424,050702,35,-4.076122,-42.76627,-54.841249,Night,-4:04:34.0,-42:45:58.6
210424,050711,35,-3.621085,-42.441911,-54.362859,Night,-3:37:15.9,-42:26:30.9
210424,050721,35,-3.115313,-42.081929,-53.828246,Night,-3:06:55.1,-42:04:54.9
210424,050731,35,-2.609381,-41.72233,-53.290543,Night,-2:36:33.8,-41:43:20.4
210424,050740,35,-2.153925,-41.398965,-52.80408,Night,-2:09:14.1,-41:23:56.3
210424,050750,35,-1.647758,-41.039916,-52.260875,Night,-1:38:51.9,-41:02:23.7
210424,050800,35,-1.141502,-40.681064,-51.714955,Night,-1:08:29.4,-40:40:51.8
210424,050810,35,-0.635183,-40.32235,-51.166436,Night,-0:38:06.7,-40:19:20.5
210424,050819,35,-0.179463,-39.999572,-50.670643,Night,-0:10:46.1,-39:59:58.5
210424,050829,35,0.326908,-39.640943,-50.117486,Night,0:19:36.9,-39:38:27.4
210424,050839,35,0.833269,-39.282265,-49.562035,Night,0:49:59.8,-39:16:56.2
210424,050849,35,1.339596,-38.923482,-49.004387,Night,1:20:22.5,-38:55:24.5
210424,050858,35,1.795241,-38.600432,-48.500699,Night,1:47:42.9,-38:36:01.6
210424,050908,35,2.301435,-38.241266,-47.93912,Night,2:18:05.2,-38:14:28.6
210424,050918,35,2.807523,-37.881814,-47.375596,Night,2:48:27.1,-37:52:54.5
210424,050928,35,3.313479,-37.522006,-46.810203,Night,3:18:48.5,-37:31:19.2
210424,050937,35,3.768708,-37.197825,-46.29981,Night,3:46:07.3,-37:11:52.2
210424,050947,35,4.274346,-36.83717,-45.731071,Night,4:16:27.6,-36:50:13.8
210424,050957,35,4.77978,-36.47598,-45.160664,Night,4:46:47.2,-36:28:33.5
210424,051006,35,5.234474,-36.150395,-44.645934,Night,5:14:04.1,-36:09:01.4
210424,051016,35,5.73945,-35.788009,-44.07255,Night,5:44:22.0,-35:47:16.8
210424,051026,35,6.244147,-35.424899,-43.497687,Night,6:14:38.9,-35:25:29.6
210424,051036,35,6.748539,-35.061,-42.921394,Night,6:44:54.7,-35:03:39.6
210424,051045,35,7.202211,-34.732765,-42.401562,Night,7:12:08.0,-34:43:58.0
210424,051055,35,7.705953,-34.367193,-41.82271,Night,7:42:21.4,-34:22:01.9
210424,051105,35,8.209315,-34.000644,-41.242588,Night,8:12:33.5,-34:00:02.3
210424,051115,35,8.712268,-33.633054,-40.66124,Night,8:42:44.2,-33:37:59.0
210424,051124,35,9.164557,-33.301277,-40.137016,Night,9:09:52.4,-33:18:04.6
210424,051134,35,9.666663,-32.931521,-39.553458,Night,9:40:00.0,-32:55:53.5
210424,051144,35,10.168284,-32.560529,-38.968804,Night,10:10:05.8,-32:33:37.9
210424,051153,35,10.619303,-32.225522,-38.441705,Night,10:37:09.5,-32:13:31.9
210424,051203,35,11.119924,-31.851993,-37.85507,Night,11:07:11.7,-31:51:07.2
210424,051213,35,11.619976,-31.477029,-37.267448,Night,11:37:11.9,-31:28:37.3
210424,051223,35,12.119433,-31.100559,-36.678871,Night,12:07:10.0,-31:06:02.0
210424,051232,35,12.56841,-30.760396,-36.14837,Night,12:34:06.3,-30:45:37.4
210424,051242,35,13.066655,-30.380873,-35.558078,Night,13:04:00.0,-30:22:51.1
210424,051252,35,13.564218,-29.999642,-34.966931,Night,13:33:51.2,-29:59:58.7
210424,051301,35,14.011417,-29.655011,-34.43419,Night,14:00:41.1,-29:39:18.0
210424,051311,35,14.507602,-29.270332,-33.841497,Night,14:30:27.4,-29:16:13.2
210424,051321,35,15.003018,-28.883729,-33.248032,Night,15:00:10.9,-28:53:01.4
210424,051331,35,15.497633,-28.495131,-32.65382,Night,15:29:51.5,-28:29:42.5
210424,051340,35,15.942073,-28.143625,-32.118418,Night,15:56:31.5,-28:08:37.1
210424,051350,35,16.435076,-27.751028,-31.522867,Night,16:26:06.3,-27:45:03.7
210424,051400,35,16.927184,-27.356214,-30.926642,Night,16:55:37.9,-27:21:22.4
210424,051409,35,17.369289,-26.998922,-30.389482,Night,17:22:09.4,-26:59:56.1
210424,051419,35,17.859603,-26.599683,-29.792049,Night,17:51:34.6,-26:35:58.9
210424,051429,35,18.348922,-26.198,-29.194008,Night,18:20:56.1,-26:11:52.8
210424,051439,35,18.837214,-25.793791,-28.595383,Night,18:50:14.0,-25:47:37.6
210424,051448,35,19.275767,-25.427778,-28.056139,Night,19:16:32.8,-25:25:40.0
210424,051458,35,19.762003,-25.018548,-27.456461,Night,19:45:43.2,-25:01:06.8
210424,051508,35,20.247105,-24.606554,-26.856254,Night,20:14:49.6,-24:36:23.6
210424,051518,35,20.731035,-24.191714,-26.255543,Night,20:43:51.7,-24:11:30.2
210424,051527,35,21.165537,-23.81585,-25.714482,Night,21:09:55.9,-23:48:57.1
210424,051537,35,21.647134,-23.395362,-25.112852,Night,21:38:49.7,-23:23:43.3
210424,051547,35,22.127443,-22.971775,-24.510769,Night,22:07:38.8,-22:58:18.4
210424,051556,35,22.558588,-22.587825,-23.968515,Night,22:33:30.9,-22:35:16.2
210424,051606,35,23.036341,-22.158104,-23.365606,Night,23:02:10.8,-22:09:29.2
210424,051616,35,23.512689,-21.725025,-22.762287,Night,23:30:45.7,-21:43:30.1
210424,051626,35,23.987587,-21.288496,-22.158571,Night,23:59:15.3,-21:17:18.6
210424,051635,35,24.413719,-20.892591,-21.614902,Night,24:24:49.4,-20:53:33.3
210424,051645,35,24.885741,-20.449247,-21.010476,Night,24:53:08.7,-20:26:57.3
210424,051655,35,25.356184,-20.002178,-20.405697,Night,25:21:22.3,-20:00:07.8
210424,051704,35,25.778193,-19.596552,-19.861104,Night,25:46:41.5,-19:35:47.6
210424,051714,35,26.245504,-19.14214,-19.25569,Night,26:14:43.8,-19:08:31.7
210424,051724,35,26.711096,-18.683718,-18.64996,Night,26:42:39.9,-18:41:01.4
210424,051734,35,27.17492,-18.221188,-18.043925,Night,27:10:29.7,-18:13:16.3
210424,051743,35,27.590809,-17.801315,-17.498248,Night,27:35:26.9,-17:48:04.7
210424,051753,35,28.051134,-17.330698,-16.891673,Night,28:03:04.1,-17:19:50.5
210424,051803,35,28.509539,-16.855676,-16.284829,Night,28:30:34.3,-16:51:20.4
210424,051813,35,28.965972,-16.376144,-15.677731,Night,28:57:57.5,-16:22:34.1
210424,051822,35,29.375028,-15.94062,-15.131132,Night,29:22:30.1,-15:56:26.2
210424,051832,35,29.827559,-15.452224,-14.523576,Night,29:49:39.2,-15:27:08.0
210424,051842,35,30.277952,-14.959006,-13.915794,Night,30:16:40.6,-14:57:32.4
210424,051851,35,30.681428,-14.510897,-13.368609,Night,30:40:53.1,-14:30:39.2
210424,051901,35,31.127597,-14.008218,-12.760431,Night,31:07:39.3,-14:00:29.6
210424,051911,35,31.57145,-13.500397,-12.15206,Night,31:34:17.2,-13:30:01.4
210424,051921,35,32.012929,-12.987324,-11.543504,Night,32:00:46.5,-12:59:14.4
210424,051930,35,32.408175,-12.520973,-10.995654,Night,32:24:29.4,-12:31:15.5
210424,051940,35,32.844959,-11.997606,-10.386776,Night,32:50:41.9,-11:59:51.4
210424,051950,35,33.279178,-11.468657,-9.777741,Night,33:16:45.0,-11:28:07.2
210424,051959,35,33.66772,-10.987733,-9.229485,Night,33:40:03.8,-10:59:15.8
210424,052009,35,34.096871,-10.447858,-8.620179,Night,34:05:48.7,-10:26:52.3
210424,052019,35,34.523246,-9.902063,-8.005158,Night,34:31:23.7,-9:54:07.4
210424,052029,35,34.946776,-9.350233,-7.37115,Night,34:56:48.4,-9:21:00.8
210424,052038,35,35.325458,-8.848328,-6.787169,Night,35:19:31.7,-8:50:54.0
210424,052048,35,35.743377,-8.284706,-6.110277,Night,35:44:36.2,-8:17:04.9
210424,052058,35,36.158222,-7.714709,-5.367542,Night,36:09:29.6,-7:42:53.0
210424,052107,35,36.528897,-7.196164,-4.522275,Night,36:31:44.0,-7:11:46.2
210424,052117,35,36.937694,-6.613729,-3.050073,Night,36:56:15.7,-6:36:49.4
210424,052127,35,37.343185,-6.024579,-2.42224,Night,37:20:35.5,-6:01:28.5
210424,052137,35,37.745285,-5.428597,-1.977724,Night,37:44:43.0,-5:25:42.9
210424,052146,35,38.104205,-4.886277,-1.603019,Night,38:06:15.1,-4:53:10.6
210424,052156,35,38.499621,-4.276998,-1.178744,Night,38:29:58.6,-4:16:37.2
210424,052206,35,38.891387,-3.660555,-0.731333,Day,38:53:29.0,-3:39:38.0
210424,052216,36,39.279414,-3.036836,-0.255957,Day,39:16:45.9,-3:02:12.6
210424,052227,37,39.701813,-2.34221,0.297957,Day,39:42:06.5,-2:20:32.0
210424,052237,38,40.081674,-1.702854,0.825478,Day,40:04:54.0,-1:42:10.3
210424,052248,39,40.494856,-0.990767,1.42648,Day,40:29:41.5,-0:59:26.8
210424,052258,40,40.866121,-0.335307,1.987223,Day,40:51:58.0,-0:20:07.1
210424,052309,41,41.269601,0.394742,2.615808,Day,41:16:10.6,0:23:41.1
210424,052319,42,41.63182,1.06675,3.19526,Day,41:37:54.6,1:04:00.3
210424,052330,43,42.025095,1.815232,3.839231,Day,42:01:30.3,1:48:54.8
210424,052340,44,42.377803,2.504198,4.429172,Day,42:22:40.1,2:30:15.1
210424,052351,45,42.760348,3.271546,5.081945,Day,42:45:37.3,3:16:17.6
210424,052401,46,43.10306,3.977844,5.678049,Day,43:06:11.0,3:58:40.2
210424,052412,47,43.474338,4.764442,6.33605,Day,43:28:27.6,4:45:52.0
210424,052422,48,43.806559,5.488398,6.935876,Day,43:48:23.6,5:29:18.2
210424,052433,49,44.166015,6.294576,7.59711,Day,44:09:57.7,6:17:40.5
210424,052444,50,44.519053,7.111121,8.25953,Day,44:31:08.6,7:06:40.0
210424,052454,51,44.834294,7.862483,8.862549,Day,44:50:03.5,7:51:44.9
210424,052505,52,45.174636,8.698979,9.526584,Day,45:10:28.7,8:41:56.3
210424,052515,53,45.478067,9.468553,10.130771,Day,45:28:41.0,9:28:06.8
210424,052526,54,45.80512,10.325145,10.795824,Day,45:48:18.4,10:19:30.5
210424,052536,55,46.096202,11.113022,11.400737,Day,46:05:46.3,11:06:46.9
210424,052547,56,46.40937,11.989758,12.066402,Day,46:24:33.7,11:59:23.1
210424,052557,57,46.687553,12.795938,12.671728,Day,46:41:15.2,12:47:45.4
210424,052608,58,46.986231,13.692766,13.337715,Day,46:59:10.4,13:41:34.0
210424,052618,59,47.250965,14.517147,13.943227,Day,47:15:03.5,14:31:01.7
210424,052629,60,47.534541,15.433898,14.609433,Day,47:32:04.3,15:26:02.0
210424,052639,61,47.785267,16.276274,15.215474,Day,47:47:07.0,16:16:34.6
210424,052650,62,48.053137,17.212654,15.881571,Day,48:03:11.3,17:12:45.6
210424,052700,63,48.289308,18.072692,16.486816,Day,48:17:21.5,18:04:21.7
210424,052711,64,48.540864,19.028272,17.152475,Day,48:32:27.1,19:01:41.8
210424,052721,65,48.761929,19.905523,17.75749,Day,48:45:42.9,19:54:19.9
210424,052732,66,48.996577,20.879726,18.422828,Day,48:59:47.7,20:52:47.0
210424,052742,67,49.202012,21.773596,19.027502,Day,49:12:07.2,21:46:24.9
210424,052753,68,49.419171,22.7657,19.69241,Day,49:25:09.0,22:45:56.5
210424,052803,69,49.608453,23.675461,20.296641,Day,49:36:30.4,23:40:31.7
210424,052814,70,49.807567,24.684584,20.961016,Day,49:48:27.2,24:41:04.5
210424,052824,71,49.980196,25.609362,21.564716,Day,49:58:48.7,25:36:33.7
210424,052835,72,50.160732,26.634466,22.228456,Day,50:09:38.6,26:38:04.1
210424,052845,73,50.316238,27.573245,22.831538,Day,50:18:58.5,27:34:23.7
210424,052856,74,50.477697,28.613131,23.494553,Day,50:28:39.7,28:36:47.3
210424,052907,75,50.628972,29.66023,24.157148,Day,50:37:44.3,29:39:36.8
210424,052917,76,50.757557,30.618068,24.759125,Day,50:45:27.2,30:37:05.0
210424,052928,77,50.889069,31.677833,25.420852,Day,50:53:20.6,31:40:40.2
210424,052938,78,50.999499,32.646484,26.021995,Day,50:59:58.2,32:38:47.3
210424,052949,79,51.110849,33.717338,26.682756,Day,51:06:39.1,33:43:02.4
210424,052959,80,51.202793,34.695315,27.282977,Day,51:12:10.1,34:41:43.1
210424,053010,81,51.293641,35.775561,27.942676,Day,51:17:37.1,35:46:32.0
210424,053020,82,51.366813,36.76126,28.541884,Day,51:22:00.5,36:45:40.5
210424,053031,83,51.436874,37.84908,29.200418,Day,51:26:12.7,37:50:56.7
210424,053041,84,51.491044,38.840813,29.79852,Day,51:29:27.8,38:50:26.9
210424,053052,85,51.540099,39.934303,30.455786,Day,51:32:24.4,39:56:03.5
210424,053102,86,51.57509,40.930295,31.052683,Day,51:34:30.3,40:55:49.1
210424,053113,87,51.602984,42.027472,31.708559,Day,51:36:10.7,42:01:38.9
210424,053123,88,51.618687,43.025902,32.304145,Day,51:37:07.3,43:01:33.2
210424,053134,89,51.625326,44.124743,32.958518,Day,51:37:31.2,44:07:29.1
210424,053144,90,51.621689,45.123754,33.552676,Day,51:37:18.1,45:07:25.5
210424,053155,91,51.607048,46.222209,34.20542,Day,51:36:25.4,46:13:20.0
210424,053205,92,51.584085,47.219939,34.798031,Day,51:35:02.7,47:13:11.8
210424,053216,93,51.54822,48.315966,35.449003,Day,51:32:53.6,48:18:57.5
210424,053226,94,51.505999,49.310568,36.039941,Day,51:30:21.6,49:18:38.0
210424,053237,95,51.449021,50.402155,36.688993,Day,51:26:56.5,50:24:07.8
210424,053247,96,51.387683,51.391822,37.278114,Day,51:23:15.7,51:23:30.6
210424,053258,97,51.309774,52.477013,37.925086,Day,51:18:35.2,52:28:37.2
210424,053308,98,51.229513,53.460003,38.51224,Day,51:13:46.2,53:27:36.0
210424,053318,99,51.140328,54.439224,39.098397,Day,51:08:25.2,54:26:21.2
210424,053329,100,51.031987,55.511577,39.741978,Day,51:01:55.2,55:30:41.7
210424,053339,101,50.924265,56.481706,40.325922,Day,50:55:27.4,56:28:54.1
210424,053350,102,50.795714,57.54321,40.966962,Day,50:47:44.6,57:32:35.6
210424,053400,103,50.669786,58.502735,41.548498,Day,50:40:11.2,58:30:09.8
210424,053411,104,50.521403,59.551798,42.186783,Day,50:31:17.1,59:33:06.5
210424,053421,105,50.377641,60.499343,42.765713,Day,50:22:39.5,60:29:57.6
210424,053432,106,50.209865,61.534513,43.401003,Day,50:12:35.5,61:32:04.2
210424,053442,107,50.048686,62.468815,43.977095,Day,50:02:55.3,62:28:07.7
210424,053453,108,49.861989,63.488801,44.609137,Day,49:51:43.2,63:29:19.7
210424,053503,109,49.683838,64.408752,45.182149,Day,49:41:01.8,64:24:31.5
210424,053514,110,49.478737,65.412394,45.810649,Day,49:28:43.5,65:24:44.6
210424,053524,111,49.284094,66.317025,46.380304,Day,49:17:02.7,66:19:01.3
210424,053535,112,49.061129,67.303339,47.004952,Day,49:03:40.1,67:18:12.0
210424,053545,113,48.8505,68.191823,47.570949,Day,48:51:01.8,68:11:30.6
210424,053556,114,48.610234,69.159989,48.1914,Day,48:36:36.8,69:09:36.0
210424,053606,115,48.384145,70.031644,48.753405,Day,48:23:02.9,70:01:53.9
210424,053617,116,48.127166,70.980972,49.369266,Day,48:07:37.8,70:58:51.5
210424,053627,117,47.886152,71.835258,49.926914,Day,47:53:10.1,71:50:06.9
210424,053638,118,47.613057,72.765229,50.537758,Day,47:36:47.0,72:45:54.8
210424,053648,119,47.35767,73.601729,51.090635,Day,47:21:27.6,73:36:06.2
210424,053659,120,47.069064,74.511961,51.695987,Day,47:04:08.6,74:30:43.1
210424,053709,121,46.799855,75.330382,52.243632,Day,46:47:59.5,75:19:49.4
210424,053720,122,46.496349,76.220629,52.842964,Day,46:29:46.9,76:13:14.3
210424,053730,123,46.213869,77.020806,53.384875,Day,46:12:49.9,77:01:14.9
210424,053741,124,45.896071,77.890924,53.977592,Day,45:53:45.9,77:53:27.3
210424,053751,125,45.600873,78.672789,54.513195,Day,45:36:03.1,78:40:22.0
210424,053801,126,45.299812,79.445933,55.045574,Day,45:17:59.3,79:26:45.4
210424,053812,127,44.962019,80.286353,55.627294,Day,44:57:43.3,80:17:10.9
210424,053823,128,44.617442,81.116276,56.204711,Day,44:37:02.8,81:06:58.6
210424,053833,129,44.298438,81.861689,56.725715,Day,44:17:54.4,81:51:42.1
210424,053844,130,43.941356,82.671729,57.294284,Day,43:56:28.9,82:40:18.2
210424,053854,131,43.611246,83.399171,57.806835,Day,43:36:40.5,83:23:57.0
210424,053905,132,43.242228,84.189567,58.365626,Day,43:14:32.0,84:11:22.4
210424,053915,133,42.901528,84.899292,58.868827,Day,42:54:05.5,84:53:57.5
210424,053926,134,42.521138,85.67038,59.416792,Day,42:31:16.1,85:40:13.4
210424,053936,135,42.170346,86.362701,59.909631,Day,42:10:13.2,86:21:45.7
210424,053947,136,41.779123,87.114842,60.44561,Day,41:46:44.8,87:06:53.4
210424,053957,137,41.418725,87.790129,60.926968,Day,41:25:07.4,87:47:24.5
210424,054008,138,41.017198,88.523746,61.449634,Day,41:01:01.9,88:31:25.5
210424,054018,139,40.647661,89.182408,61.918253,Day,40:38:51.6,89:10:56.7
210424,054029,140,40.236337,89.897966,62.426153,Day,40:14:10.8,89:53:52.7
210424,054039,141,39.858119,90.540434,62.880613,Day,39:51:29.2,90:32:25.6
210424,054050,142,39.437482,91.238432,63.372107,Day,39:26:14.9,91:14:18.4
210424,054100,143,39.051016,91.86517,63.810844,Day,39:03:03.7,91:51:54.6
210424,054111,144,38.62154,92.546126,64.284101,Day,38:37:17.5,92:32:46.1
210424,054121,145,38.227244,93.157619,64.705374,Day,38:13:38.1,93:09:27.4
210424,054132,146,37.789381,93.822081,65.158386,Day,37:47:21.8,93:49:19.5
210424,054142,147,37.38766,94.418821,65.560274,Day,37:23:15.6,94:25:07.8
210424,054152,148,36.982537,95.008724,65.952197,Day,36:58:57.1,95:00:31.4
210424,054203,149,36.533077,95.649846,66.371216,Day,36:31:59.1,95:38:59.4
210424,054213,150,36.12109,96.225747,66.740586,Day,36:07:15.9,96:13:32.7
210424,054224,151,35.66428,96.851761,67.13352,Day,35:39:51.4,96:51:06.3
210424,054234,152,35.245788,97.414187,67.477973,Day,35:14:44.8,97:24:51.1
210424,054245,153,34.782014,98.025659,67.842145,Day,34:46:55.3,98:01:32.4
210424,054255,154,34.357364,98.575127,68.159182,Day,34:21:26.5,98:34:30.5
210424,054306,155,33.887,99.172619,68.491771,Day,33:53:13.2,99:10:21.4
210424,054316,156,33.456517,99.709642,68.778789,Day,33:27:23.5,99:42:34.7
210424,054327,157,32.979913,100.293733,69.076893,Day,32:58:47.7,100:17:37.4
210424,054337,158,32.543915,100.818824,69.331235,Day,32:32:38.1,100:49:07.8
210424,054348,159,32.06141,101.390067,69.591951,Day,32:03:41.1,101:23:24.2
210424,054358,160,31.620193,101.903724,69.811015,Day,31:37:12.7,101:54:13.4
210424,054409,161,31.132108,102.462673,70.031528,Day,31:07:55.6,102:27:45.6
210424,054420,162,30.641222,103.015406,70.229924,Day,30:38:28.4,103:00:55.5
210424,054430,163,30.192602,103.51261,70.390523,Day,30:11:33.4,103:30:45.4
210424,054441,164,29.6966,104.053868,70.544871,Day,29:41:47.8,104:03:13.9
210424,054451,165,29.243462,104.540888,70.664454,Day,29:14:36.5,104:32:27.2
210424,054502,166,28.742624,105.071211,70.772726,Day,28:44:33.4,105:04:16.4
210424,054512,167,28.285217,105.548518,70.849668,Day,28:17:06.8,105:32:54.7
210424,054523,168,27.779822,106.068419,70.910361,Day,27:46:47.4,106:04:06.3
210424,054533,169,27.31839,106.536485,70.943577,Day,27:19:06.2,106:32:11.3
210424,054544,170,26.808696,107.046468,70.955816,Day,26:48:31.3,107:02:47.3
210424,054554,171,26.343468,107.505743,70.944827,Day,26:20:36.5,107:30:20.7
210424,054605,172,25.829723,108.0063,70.908442,Day,25:49:47.0,108:00:22.7
210424,054615,173,25.360923,108.45723,70.853411,Day,25:21:39.3,108:27:26.0
210424,054626,174,24.843365,108.948846,70.768929,Day,24:50:36.1,108:56:55.8
210424,054636,175,24.371201,109.391859,70.670642,Day,24:22:16.3,109:23:30.7
210424,054647,176,23.850056,109.874999,70.53927,Day,23:51:00.2,109:52:30.0
210424,054657,177,23.374731,110.310519,70.399094,Day,23:22:29.0,110:18:37.9
210424,054708,178,22.850217,110.785641,70.222602,Day,22:51:00.8,110:47:08.3
210424,054718,179,22.371924,111.214078,70.042388,Day,22:22:18.9,111:12:50.7
210424,054729,180,21.844248,111.681632,69.823036,Day,21:50:39.3,111:40:53.9
210424,054739,181,21.363172,112.103383,69.60501,Day,21:21:47.4,112:06:12.2
210424,054750,182,20.832533,112.563792,69.345394,Day,20:49:57.1,112:33:49.7
210424,054800,183,20.348851,112.979245,69.092028,Day,20:20:55.9,112:58:45.3
210424,054811,184,19.815441,113.432934,68.794963,Day,19:48:55.6,113:25:58.6
210424,054821,185,19.329326,113.842465,68.508874,Day,19:19:45.6,113:50:32.9
210424,054832,186,18.793327,114.289849,68.177268,Day,18:47:36.0,114:17:23.5
210424,054842,187,18.304939,114.693821,67.861105,Day,18:18:17.8,114:41:37.8
210424,054853,188,17.766529,115.135297,67.497862,Day,17:45:59.5,115:08:07.1
210424,054904,189,17.226926,115.573836,67.119183,Day,17:13:36.9,115:34:25.8
210424,054914,190,16.735377,115.970041,66.762169,Day,16:44:07.4,115:58:12.1
210424,054925,191,16.193619,116.403253,66.356101,Day,16:11:37.0,116:24:11.7
210424,054935,192,15.700187,116.7948,65.975379,Day,15:42:00.7,116:47:41.3
210424,054946,193,15.156436,117.223067,65.54451,Day,15:09:23.2,117:13:23.0
210424,054956,194,14.661262,117.610284,65.142362,Day,14:39:40.5,117:36:37.0
210424,055007,195,14.115674,118.033974,64.689104,Day,14:06:56.4,118:02:02.3
210424,055017,196,13.618899,118.417189,64.267634,Day,13:37:08.0,118:25:01.9
210424,055028,197,13.071625,118.836658,63.794192,Day,13:04:17.8,118:50:12.0
210424,055038,198,12.573384,119.216198,63.355312,Day,12:34:24.2,119:12:58.3
210424,055049,199,12.024569,119.631802,62.863702,Day,12:01:28.4,119:37:54.5
210424,055059,200,11.524994,120.007981,62.409146,Day,11:31:30.0,120:00:28.7
210424,055110,201,10.974781,120.42006,61.901185,Day,10:58:29.2,120:25:12.2
210424,055120,202,10.473999,120.793193,61.432525,Day,10:28:26.4,120:47:35.5
210424,055131,203,9.922527,121.202076,60.909844,Day,9:55:21.1,121:12:07.5
210424,055141,204,9.420664,121.572463,60.42848,Day,9:25:14.4,121:34:20.9
210424,055152,205,8.868068,121.978491,59.892542,Day,8:52:05.0,121:58:42.6
210424,055202,206,8.365243,122.346419,59.399758,Day,8:21:54.9,122:20:47.1
210424,055213,207,7.811657,122.749919,58.851867,Day,7:48:42.0,122:44:59.7
210424,055223,208,7.307989,123.11569,58.348762,Day,7:18:28.8,123:06:56.5
210424,055234,209,6.753541,123.516977,57.790094,Day,6:45:12.7,123:31:01.1
210424,055244,210,6.24915,123.88089,57.277666,Day,6:14:56.9,123:52:51.2
210424,055255,211,5.693968,124.280278,56.709261,Day,5:41:38.3,124:16:49.0
210424,055305,212,5.188966,124.642606,56.188418,Day,5:11:20.3,124:38:33.4
210424,055316,213,4.633176,125.04041,55.611206,Day,4:37:59.4,125:02:25.5
210424,055326,214,4.127678,125.40144,55.082744,Day,4:07:39.6,125:24:05.2
210424,055337,215,3.571403,125.797973,54.497543,Day,3:34:17.1,125:47:52.7
210424,055347,216,3.065521,126.157993,53.962162,Day,3:03:55.9,126:09:28.8
210424,055358,217,2.508885,126.55357,53.369712,Day,2:30:32.0,126:33:12.9
210424,055408,218,2.002728,126.912838,52.828071,Day,2:00:09.8,126:54:46.2
210424,055419,219,1.445852,127.307759,52.229032,Day,1:26:45.1,127:18:27.9
210424,055429,220,0.939533,127.666576,51.681671,Day,0:56:22.3,127:39:59.7
210424,055440,221,0.382537,128.061129,51.076657,Day,0:22:57.1,128:03:40.1
210424,055450,222,-0.123836,128.419769,50.524087,Day,-0:07:25.8,128:25:11.2
210424,055501,223,-0.680829,128.814281,49.913598,Day,-0:40:51.0,128:48:51.4
210424,055512,224,-1.237775,129.208888,49.300442,Day,-1:14:16.0,129:12:32.0
210424,055522,225,-1.744018,129.567773,48.740817,Day,-1:44:38.5,129:34:04.0
210424,055533,226,-2.300778,129.96279,48.122904,Day,-2:18:02.8,129:57:46.0
210424,055543,227,-2.806798,130.322195,47.559133,Day,-2:48:24.5,130:19:19.9
210424,055554,228,-3.363252,130.717923,46.936876,Day,-3:21:47.7,130:43:04.5
210424,055604,229,-3.868938,131.078119,46.369318,Day,-3:52:08.2,131:04:41.2
210424,055614,230,-4.374427,131.438781,45.800076,Day,-4:22:27.9,131:26:19.6
210424,055625,231,-4.930206,131.836147,45.172026,Day,-4:55:48.7,131:50:10.1
210424,055636,232,-5.485681,132.234238,44.542109,Day,-5:29:08.4,132:14:03.3
210424,055646,233,-5.990365,132.596853,43.967895,Day,-5:59:25.3,132:35:48.7
210424,055657,234,-6.545165,132.996583,43.33462,Day,-6:32:42.6,132:59:47.7
210424,055707,235,-7.04918,133.360837,42.757469,Day,-7:02:57.0,133:21:39.0
210424,055717,236,-7.552835,133.725965,42.179014,Day,-7:33:10.2,133:43:33.5
210424,055728,237,-8.106409,134.1287,41.541258,Day,-8:06:23.1,134:07:43.3
210424,055738,238,-8.609223,134.495891,40.960211,Day,-8:36:33.2,134:29:45.2
210424,055749,239,-9.161807,134.901045,40.319727,Day,-9:09:42.5,134:54:03.8
210424,055759,240,-9.663662,135.270585,39.736292,Day,-9:39:49.2,135:16:14.1
210424,055810,241,-10.215125,135.678498,39.093281,Day,-10:12:54.5,135:40:42.6
210424,055820,242,-10.7159,136.050688,38.507647,Day,-10:42:57.2,136:03:02.5
210424,055831,243,-11.266108,136.461674,37.862317,Day,-11:15:58.0,136:27:42.0
210424,055841,244,-11.76568,136.836816,37.274654,Day,-11:45:56.4,136:50:12.5
210424,055852,245,-12.314496,137.251217,36.62718,Day,-12:18:52.2,137:15:04.4
210424,055902,246,-12.81274,137.62961,36.037649,Day,-12:48:45.9,137:37:46.6
210424,055913,247,-13.360023,138.047754,35.388207,Day,-13:21:36.1,138:02:51.9
210424,055923,248,-13.856808,138.429725,34.796945,Day,-13:51:24.5,138:25:47.0
210424,055934,249,-14.402414,138.851981,34.14567,Day,-14:24:08.7,138:51:07.1
210424,055944,250,-14.897606,139.237832,33.552826,Day,-14:53:51.4,139:14:16.2
210424,055955,251,-15.441386,139.664541,32.899874,Day,-15:26:29.0,139:39:52.3
210424,060005,252,-15.934848,140.0546,32.305565,Day,-15:56:05.5,140:03:16.6
210424,060016,253,-16.476648,140.486131,31.651062,Day,-16:28:35.9,140:29:10.1
210424,060026,254,-16.968239,140.880739,31.055402,Day,-16:58:05.7,140:52:50.7
210424,060037,255,-17.507899,141.317461,30.399471,Day,-17:30:28.4,141:19:02.9
210424,060047,256,-17.997472,141.716959,29.802571,Day,-17:59:50.9,141:43:01.1
210424,060058,257,-18.53483,142.159241,29.145339,Day,-18:32:05.4,142:09:33.3
210424,060108,258,-19.022232,142.563984,28.547291,Day,-19:01:20.0,142:33:50.3
210424,060119,259,-19.557116,143.012222,27.888861,Day,-19:33:25.6,143:00:44.0
210424,060129,260,-20.042191,143.422566,27.289768,Day,-20:02:31.9,143:25:21.2
210424,060140,261,-20.574423,143.87717,26.630235,Day,-20:34:27.9,143:52:37.8
210424,060150,262,-21.057007,144.293484,26.030187,Day,-21:03:25.2,144:17:36.5
210424,060201,263,-21.586405,144.754849,25.369664,Day,-21:35:11.1,144:45:17.5
210424,060212,264,-22.114243,145.219944,24.708641,Day,-22:06:51.3,145:13:11.8
210424,060222,265,-22.592698,145.646066,24.107323,Day,-22:35:33.7,145:38:45.8
210424,060233,266,-23.117407,146.118578,23.445446,Day,-23:07:02.7,146:07:06.9
210424,060243,267,-23.592925,146.55164,22.843395,Day,-23:35:34.5,146:33:05.9
210424,060254,268,-24.1143,147.032007,22.180759,Day,-24:06:51.5,147:01:55.2
210424,060304,269,-24.586693,147.472418,21.578055,Day,-24:35:12.1,147:28:20.7
210424,060315,270,-25.104523,147.96109,20.914751,Day,-25:06:16.3,147:57:39.9
210424,060325,271,-25.573591,148.40926,20.311485,Day,-25:34:24.9,148:24:33.3
210424,060336,272,-26.087651,148.906703,19.647608,Day,-26:05:15.5,148:54:24.1
210424,060346,273,-26.553189,149.363055,19.043867,Day,-26:33:11.5,149:21:47.0
210424,060356,274,-27.016969,149.823478,18.439918,Day,-27:01:01.1,149:49:24.5
210424,060407,275,-27.525039,150.334731,17.775383,Day,-27:31:30.1,150:20:05.0
210424,060418,276,-28.030854,150.851148,17.110667,Day,-28:01:51.1,150:51:04.1
210424,060428,277,-28.488671,151.325204,16.506257,Day,-28:29:19.2,151:19:30.7
210424,060439,278,-28.989987,151.851853,15.841294,Day,-28:59:24.0,151:51:06.7
210424,060449,279,-29.443593,152.335444,15.236485,Day,-29:26:36.9,152:20:07.6
210424,060500,280,-29.940144,152.87283,14.570655,Day,-29:56:24.5,152:52:22.2
210424,060510,281,-30.389291,153.36642,13.965789,Day,-30:23:21.4,153:21:59.1
210424,060521,282,-30.880795,153.915075,13.300544,Day,-30:52:50.9,153:54:54.3
210424,060531,283,-31.325225,154.419143,12.695855,Day,-31:19:30.8,154:25:08.9
210424,060542,284,-31.811387,154.979601,12.030817,Day,-31:48:41.0,154:58:46.6
210424,060552,285,-32.250825,155.494639,11.426424,Day,-32:15:03.0,155:29:40.7
210424,060603,286,-32.731342,156.067432,10.761848,Day,-32:43:52.8,156:04:02.8
210424,060613,287,-33.1655,156.593944,10.158008,Day,-33:09:55.8,156:35:38.2
210424,060624,288,-33.640048,157.179633,9.494226,Day,-33:38:24.2,157:10:46.7
210424,060634,289,-34.068628,157.718111,8.891315,Day,-34:04:07.1,157:43:05.2
210424,060645,290,-34.536872,158.317242,8.228823,Day,-34:32:12.7,158:19:02.1
210424,060655,291,-34.959562,158.868206,7.627374,Day,-34:57:34.4,158:52:05.5
210424,060706,292,-35.421142,159.481338,6.966908,Day,-35:25:16.1,159:28:52.8
210424,060716,293,-35.83761,160.045307,6.367751,Day,-35:50:15.4,160:02:43.1
210424,060727,294,-36.292162,160.673015,5.710471,Day,-36:17:31.8,160:40:22.9
210424,060737,295,-36.702066,161.25048,5.114987,Day,-36:42:07.4,161:15:01.7
210424,060748,296,-37.149197,161.893337,4.462846,Day,-37:08:57.1,161:53:36.0
210424,060758,297,-37.552175,162.484818,3.873426,Day,-37:33:07.8,162:29:05.3
210424,060809,298,-37.991483,163.143371,3.229937,Day,-37:59:29.3,163:08:36.1
210424,060819,299,-38.387156,163.749387,2.650807,Day,-38:23:13.8,163:44:57.8
210424,060830,300,-38.818219,164.424196,2.022409,Day,-38:49:05.6,164:25:27.1
210424,060840,301,-39.206198,165.045224,1.461627,Day,-39:12:22.3,165:02:42.8
210424,060851,302,-39.62857,165.736835,0.86026,Day,-39:37:42.9,165:44:12.6
210424,060901,303,-40.008438,166.373381,0.332063,Day,-40:00:30.4,166:22:24.2
210424,060912,304,-40.421661,167.0823,-0.223002,Day,-40:25:18.0,167:04:56.3
210424,060923,305,-40.829901,167.800495,-0.745825,Day,-40:49:47.6,167:48:01.8
210424,060933,306,-41.19659,168.461562,-1.191874,Night,-41:11:47.7,168:27:41.6
210424,060943,306,-41.558949,169.130497,-1.615125,Night,-41:33:32.2,169:07:49.8
210424,060953,306,-41.916871,169.807396,-2.031712,Night,-41:55:00.7,169:48:26.6
210424,061002,306,-42.235117,170.423492,-2.435327,Night,-42:14:06.4,170:25:24.6
210424,061012,306,-42.584317,171.115759,-3.074107,Night,-42:35:03.5,171:06:56.7
210424,061022,306,-42.928767,171.81625,-4.550755,Night,-42:55:43.6,171:48:58.5
210424,061031,306,-43.234619,172.45378,-5.386373,Night,-43:14:04.6,172:27:13.6
210424,061041,306,-43.569739,173.170075,-6.125869,Night,-43:34:11.1,173:10:12.3
210424,061051,306,-43.899784,173.894786,-6.801105,Night,-43:53:59.2,173:53:41.2
210424,061101,306,-44.224638,174.627966,-7.447906,Night,-44:13:28.7,174:37:40.7
210424,061110,306,-44.512473,175.295138,-8.017122,Night,-44:30:44.9,175:17:42.5
210424,061120,306,-44.827143,176.04456,-8.631097,Night,-44:49:37.7,176:02:40.4
210424,061130,306,-45.136277,176.802602,-9.239736,Night,-45:08:10.6,176:48:09.4
210424,061139,306,-45.409669,177.492233,-9.787405,Night,-45:24:34.8,177:29:32.0
210424,061149,306,-45.707957,178.266708,-10.39579,Night,-45:42:28.6,178:16:00.1
210424,061159,306,-46.000361,179.049844,-11.004021,Night,-46:00:01.3,179:02:59.4
210424,061209,306,-46.286758,179.841668,-11.612106,Night,-46:17:12.3,179:50:30.0
210424,061218,306,-46.539277,-179.43829,-12.159234,Night,-46:32:21.4,-179:26:17.8
210424,061228,306,-46.813918,-178.630019,-12.766993,Night,-46:48:50.1,-178:37:48.1
210424,061238,306,-47.082188,-177.813129,-13.374563,Night,-47:04:55.9,-177:48:47.3
210424,061248,306,-47.343968,-176.987646,-13.981945,Night,-47:20:38.3,-176:59:15.5
210424,061257,306,-47.573917,-176.237418,-14.528413,Night,-47:34:26.1,-176:14:14.7
210424,061307,306,-47.823021,-175.395774,-15.1354,Night,-47:49:22.9,-175:23:44.8
210424,061317,306,-48.065267,-174.54573,-15.742165,Night,-48:03:55.0,-174:32:44.6
210424,061326,306,-48.277331,-173.773591,-16.288046,Night,-48:16:38.4,-173:46:24.9
210424,061336,306,-48.506221,-172.907837,-16.894362,Night,-48:30:22.4,-172:54:28.2
210424,061346,306,-48.727901,-172.033996,-17.500411,Night,-48:43:40.4,-172:02:02.4
210424,061356,306,-48.942257,-171.152164,-18.106207,Night,-48:56:32.1,-171:09:07.8
210424,061405,306,-49.12881,-170.35183,-18.651177,Night,-49:07:43.7,-170:21:06.6
210424,061415,306,-49.328914,-169.455272,-19.256429,Night,-49:19:44.1,-169:27:19.0
210424,061425,306,-49.521351,-168.551201,-19.861382,Night,-49:31:16.9,-168:33:04.3
210424,061434,306,-49.687895,-167.731264,-20.405578,Night,-49:41:16.4,-167:43:52.6
210424,061444,306,-49.865452,-166.813464,-21.009921,Night,-49:51:55.6,-166:48:48.5
210424,061454,306,-50.035022,-165.888739,-21.613934,Night,-50:02:06.1,-165:53:19.5
210424,061504,306,-50.196501,-164.957319,-22.2176,Night,-50:11:47.4,-164:57:26.3
210424,061513,306,-50.33483,-164.113531,-22.760588,Night,-50:20:05.4,-164:06:48.7
210424,061523,306,-50.480654,-163.170118,-23.363543,Night,-50:28:50.4,-163:10:12.4
210424,061533,306,-50.618105,-162.220777,-23.966113,Night,-50:37:05.2,-162:13:14.8
210424,061542,306,-50.734573,-161.361553,-24.508075,Night,-50:44:04.5,-161:21:41.6
210424,061552,306,-50.855864,-160.401774,-25.10986,Night,-50:51:21.1,-160:24:06.4
210424,061602,306,-50.968528,-159.436956,-25.711212,Night,-50:58:06.7,-159:26:13.0
210424,061612,306,-51.07249,-158.467437,-26.31211,Night,-51:04:21.0,-158:28:02.8
210424,061621,306,-51.158554,-157.591138,-26.852515,Night,-51:09:30.8,-157:35:28.1
210424,061631,306,-51.245793,-156.613629,-27.452511,Night,-51:14:44.9,-156:36:49.1
210424,061641,306,-51.324131,-155.632458,-28.051998,Night,-51:19:26.9,-155:37:56.8
210424,061651,306,-51.393523,-154.647982,-28.650967,Night,-51:23:36.7,-154:38:52.7
210424,061700,306,-51.448284,-153.759456,-29.189575,Night,-51:26:53.8,-153:45:34.0
210424,061710,306,-51.500538,-152.769776,-29.7875,Night,-51:30:01.9,-152:46:11.2
210424,061720,306,-51.543719,-151.777923,-30.384855,Night,-51:32:37.4,-151:46:40.5
210424,061729,306,-51.574793,-150.883756,-30.921957,Night,-51:34:29.3,-150:53:01.5
210424,061739,306,-51.600648,-149.888938,-31.51814,Night,-51:36:02.3,-149:53:20.2
210424,061749,306,-51.617351,-148.893138,-32.113692,Night,-51:37:02.5,-148:53:35.3
210424,061759,306,-51.624899,-147.896777,-32.708581,Night,-51:37:29.6,-147:53:48.4
210424,061808,306,-51.62385,-146.999932,-33.243388,Night,-51:37:25.9,-146:59:59.8
210424,061818,306,-51.613977,-146.003681,-33.836942,Night,-51:36:50.3,-146:00:13.3
210424,061828,306,-51.594948,-145.008099,-34.429751,Night,-51:35:41.8,-145:00:29.2
210424,061837,306,-51.570005,-144.112975,-34.962628,Night,-51:34:12.0,-144:06:46.7
210424,061847,306,-51.533617,-143.119784,-35.553966,Night,-51:32:01.0,-143:07:11.2
210424,061857,306,-51.488128,-142.12845,-36.144483,Night,-51:29:17.3,-142:07:42.4
210424,061907,306,-51.433575,-141.139384,-36.734144,Night,-51:26:00.9,-141:08:21.8
210424,061916,306,-51.376755,-140.251487,-37.264091,Night,-51:22:36.3,-140:15:05.4
210424,061926,306,-51.305085,-139.267817,-37.852048,Night,-51:18:18.3,-139:16:04.1
210424,061936,306,-51.224482,-138.287534,-38.439058,Night,-51:13:28.1,-138:17:15.1
210424,061945,306,-51.144344,-137.408503,-38.966526,Night,-51:08:39.6,-137:24:30.6
210424,061955,306,-51.046921,-136.435692,-39.551641,Night,-51:02:48.9,-136:26:08.5
210424,062005,306,-50.940743,-135.467336,-40.135698,Night,-50:56:26.7,-135:28:02.4
210424,062015,306,-50.825879,-134.503773,-40.718658,Night,-50:49:33.2,-134:30:13.6
210424,062024,306,-50.715145,-133.640929,-41.242352,Night,-50:42:54.5,-133:38:27.3
210424,062034,306,-50.584005,-132.687367,-41.823106,Night,-50:35:02.4,-132:41:14.5
210424,062044,306,-50.44442,-131.7395,-42.402644,Night,-50:26:39.9,-131:44:22.2
210424,062053,306,-50.311648,-130.891546,-42.923135,Night,-50:18:41.9,-130:53:29.6
210424,062103,306,-50.156275,-129.955305,-43.500211,Night,-50:09:22.6,-129:57:19.1
210424,062113,306,-49.992733,-129.025566,-44.075914,Night,-49:59:33.8,-129:01:32.0
210424,062123,306,-49.821121,-128.102575,-44.650193,Night,-49:49:16.0,-128:06:09.3
210424,062132,306,-49.659864,-127.277829,-45.165784,Night,-49:39:35.5,-127:16:40.2
210424,062142,306,-49.473222,-126.36828,-45.73719,Night,-49:28:23.6,-126:22:05.8
210424,062152,306,-49.278831,-125.466108,-46.306992,Night,-49:16:43.8,-125:27:58.0
210424,062202,306,-49.076798,-124.571476,-46.875137,Night,-49:04:36.5,-124:34:17.3
210424,062211,306,-48.888534,-123.772918,-47.38498,Night,-48:53:18.7,-123:46:22.5
210424,062221,306,-48.672307,-122.893108,-47.949758,Night,-48:40:20.3,-122:53:35.2
210424,062231,306,-48.448786,-122.021302,-48.512658,Night,-48:26:55.6,-122:01:16.7
210424,062240,306,-48.241472,-121.243631,-49.0176,Night,-48:14:29.3,-121:14:37.1
210424,062250,306,-48.004417,-120.387384,-49.576706,Night,-48:00:15.9,-120:23:14.6
210424,062300,306,-47.760419,-119.539471,-50.133688,Night,-47:45:37.5,-119:32:22.1
210424,062310,306,-47.509597,-118.699972,-50.688456,Night,-47:30:34.5,-118:41:59.9
210424,062319,306,-47.278125,-117.951698,-51.185769,Night,-47:16:41.3,-117:57:06.1
210424,062329,306,-47.014688,-117.128387,-51.736053,Night,-47:00:52.9,-117:07:42.2
210424,062339,306,-46.744787,-116.313682,-52.283824,Night,-46:44:41.2,-116:18:49.3
210424,062348,306,-46.496455,-115.587824,-52.774573,Night,-46:29:47.2,-115:35:16.2
210424,062358,306,-46.214621,-114.789539,-53.317249,Night,-46:12:52.6,-114:47:22.3
210424,062408,306,-45.926687,-113.999921,-53.857063,Night,-45:55:36.1,-113:59:59.7
210424,062418,306,-45.632777,-113.218985,-54.393881,Night,-45:37:58.0,-113:13:08.3
210424,062427,306,-45.363251,-112.523549,-54.874341,Night,-45:21:47.7,-112:31:24.8
210424,062437,306,-45.058324,-111.759066,-55.405077,Night,-45:03:30.0,-111:45:32.6
210424,062447,306,-44.747773,-111.00321,-55.932395,Night,-44:44:52.0,-111:00:11.6
210424,062456,306,-44.463568,-110.3303,-56.403914,Night,-44:27:48.8,-110:19:49.1
210424,062506,306,-44.142662,-109.590754,-56.924268,Night,-44:08:33.6,-109:35:26.7
210424,062516,306,-43.81648,-108.859719,-57.440702,Night,-43:48:59.3,-108:51:35.0
210424,062526,306,-43.485137,-108.137153,-57.953014,Night,-43:29:06.5,-108:08:13.8
210424,062535,306,-43.182611,-107.494023,-58.410412,Night,-43:10:57.4,-107:29:38.5
210424,062545,306,-42.841774,-106.787358,-58.914336,Night,-42:50:30.4,-106:47:14.5
210424,062555,306,-42.496109,-106.088964,-59.413527,Night,-42:29:46.0,-106:05:20.3
210424,062605,306,-42.145723,-105.398766,-59.907739,Night,-42:08:44.6,-105:23:55.6
210424,062614,306,-41.826429,-104.784521,-60.348068,Night,-41:49:35.1,-104:47:04.3
210424,062624,306,-41.467373,-104.10965,-60.832124,Night,-41:28:02.5,-104:06:34.7
210424,062634,306,-41.103904,-103.442723,-61.310442,Night,-41:06:14.1,-103:26:33.8
210424,062643,306,-40.773101,-102.8492,-61.735764,Night,-40:46:23.2,-102:50:57.1
210424,062653,306,-40.401539,-102.197095,-62.202342,Night,-40:24:05.5,-102:11:49.5
210424,062703,306,-40.025868,-101.552653,-62.662273,Night,-40:01:33.1,-101:33:09.5
210424,062713,306,-39.646181,-100.915765,-63.115217,Night,-39:38:46.3,-100:54:56.8
210424,062722,306,-39.30111,-100.348934,-63.516593,Night,-39:18:04.0,-100:20:56.2
210424,062732,306,-38.914064,-99.72611,-63.955248,Night,-38:54:50.6,-99:43:34.0
210424,062742,306,-38.523278,-99.110525,-64.385823,Night,-38:31:23.8,-99:06:37.9
210424,062751,306,-38.168453,-98.562601,-64.766074,Night,-38:10:06.4,-98:33:45.4
210424,062801,306,-37.770816,-97.960472,-65.180113,Night,-37:46:14.9,-97:57:37.7
210424,062811,306,-37.369703,-97.365255,-65.584808,Night,-37:22:10.9,-97:21:54.9
210424,062821,306,-36.965199,-96.776848,-65.979668,Night,-36:57:54.7,-96:46:36.7
210424,062830,306,-36.598315,-96.253,-66.326239,Night,-36:35:53.9,-96:15:10.8
210424,062840,306,-36.187602,-95.677194,-66.701052,Night,-36:11:15.4,-95:40:37.9
210424,062850,306,-35.773737,-95.107857,-67.064562,Night,-35:46:25.5,-95:06:28.3
210424,062900,306,-35.356802,-94.544865,-67.416201,Night,-35:21:24.5,-94:32:41.5
210424,062909,306,-34.979,-94.043509,-67.72207,Night,-34:58:44.4,-94:02:36.6
210424,062919,306,-34.556444,-93.492265,-68.049612,Night,-34:33:23.2,-93:29:32.2
210424,062929,306,-34.131039,-92.947038,-68.363616,Night,-34:07:51.7,-92:56:49.3
210424,062938,306,-33.7458,-92.46137,-68.634146,Night,-33:44:44.9,-92:27:40.9
210424,062948,306,-33.315183,-91.927243,-68.920775,Night,-33:18:54.7,-91:55:38.1
210424,062958,306,-32.881924,-91.398791,-69.192104,Night,-32:52:54.9,-91:23:55.6
210424,063008,306,-32.44609,-90.875906,-69.447547,Night,-32:26:45.9,-90:52:33.3
210424,063017,306,-32.051697,-90.409971,-69.663346,Night,-32:03:06.1,-90:24:35.9
210424,063027,306,-31.611157,-89.897338,-69.886933,Night,-31:36:40.2,-89:53:50.4
210424,063037,306,-31.168236,-89.389937,-70.092911,Night,-31:10:05.7,-89:23:23.8
210424,063046,306,-30.767622,-88.937669,-70.262778,Night,-30:46:03.4,-88:56:15.6
210424,063056,306,-30.320344,-88.439905,-70.433799,Night,-30:19:13.2,-88:26:23.7
210424,063106,306,-29.870862,-87.947066,-70.585695,Night,-29:52:15.1,-87:56:49.4
210424,063116,306,-29.419233,-87.459029,-70.71801,Night,-29:25:09.2,-87:27:32.5
210424,063125,306,-29.010983,-87.023809,-70.820012,Night,-29:00:39.5,-87:01:25.7
210424,063135,306,-28.555433,-86.54461,-70.914043,Night,-28:33:19.6,-86:32:40.6
210424,063145,306,-28.097902,-86.069898,-70.987454,Night,-28:05:52.4,-86:04:11.6
210424,063154,306,-27.684474,-85.646419,-71.035702,Night,-27:41:04.1,-85:38:47.1
210424,063204,306,-27.223324,-85.179972,-71.069348,Night,-27:13:24.0,-85:10:47.9
210424,063214,306,-26.760345,-84.717719,-71.081861,Night,-26:45:37.2,-84:43:03.8
210424,063224,306,-26.295586,-84.259563,-71.073207,Night,-26:17:44.1,-84:15:34.4
210424,063233,306,-25.875823,-83.85064,-71.047334,Night,-25:52:33.0,-83:51:02.3
210424,063243,306,-25.40782,-83.399991,-70.998594,Night,-25:24:28.2,-83:24:00.0
210424,063253,306,-24.93818,-82.953153,-70.928953,Night,-24:56:17.4,-82:57:11.4
210424,063302,306,-24.51414,-82.554181,-70.848596,Night,-24:30:50.9,-82:33:15.1
210424,063312,306,-24.041515,-82.114317,-70.739928,Night,-24:02:29.5,-82:06:51.5
210424,063322,306,-23.567382,-81.677991,-70.611192,Night,-23:34:02.6,-81:40:40.8
210424,063332,306,-23.091789,-81.245107,-70.462786,Night,-23:05:30.4,-81:14:42.4
210424,063341,306,-22.662539,-80.858375,-70.312761,Night,-22:39:45.1,-80:51:30.1
210424,063351,306,-22.184285,-80.431775,-70.12823,Night,-22:11:03.4,-80:25:54.4
210424,063401,306,-21.70469,-80.008358,-69.925434,Night,-21:42:16.9,-80:00:30.1
210424,063411,306,-21.223797,-79.588028,-69.704901,Night,-21:13:25.7,-79:35:16.9
210424,063420,306,-20.789914,-79.212306,-69.491738,Night,-20:47:23.7,-79:12:44.3
210424,063430,306,-20.30666,-78.797611,-69.23911,Night,-20:18:24.0,-78:47:51.4
210424,063440,306,-19.822218,-78.385758,-68.970458,Night,-19:49:20.0,-78:23:08.7
210424,063449,306,-19.385238,-78.017446,-68.715466,Night,-19:23:06.9,-78:01:02.8
210424,063459,306,-18.898645,-77.610757,-68.418025,Night,-18:53:55.1,-77:36:38.7
210424,063509,306,-18.410973,-77.206669,-68.106323,Night,-18:24:39.5,-77:12:24.0
210424,063519,306,-17.922258,-76.805102,-67.780953,Night,-17:55:20.1,-76:48:18.4
210424,063528,306,-17.48155,-76.445779,-67.476928,Night,-17:28:53.6,-76:26:44.8
210424,063538,306,-16.990948,-76.048774,-67.127202,Night,-16:59:27.4,-76:02:55.6
210424,063548,306,-16.499399,-75.654058,-66.765495,Night,-16:29:57.8,-75:39:14.6
210424,063557,306,-16.056228,-75.300705,-66.430167,Night,-16:03:22.4,-75:18:02.5
210424,063607,306,-15.562977,-74.910127,-66.047192,Night,-15:33:46.7,-74:54:36.5
210424,063617,306,-15.068879,-74.521612,-65.65378,Night,-15:04:08.0,-74:31:17.8
210424,063627,306,-14.573964,-74.135092,-65.25043,Night,-14:34:26.3,-74:08:06.3
210424,063636,306,-14.127866,-73.788863,-64.879318,Night,-14:07:40.3,-73:47:19.9
210424,063646,306,-13.631484,-73.405921,-64.458387,Night,-13:37:53.3,-73:24:21.3
210424,063656,306,-13.134374,-73.024763,-64.028864,Night,-13:08:03.7,-73:01:29.1
210424,063706,306,-12.636567,-72.645305,-63.591144,Night,-12:38:11.6,-72:38:43.1
210424,063715,306,-12.187969,-72.305189,-63.190533,Night,-12:11:16.7,-72:18:18.7
210424,063725,306,-11.688919,-71.928777,-62.738354,Night,-11:41:20.1,-71:55:43.6
210424,063735,306,-11.189255,-71.553868,-62.279106,Night,-11:11:21.3,-71:33:13.9
210424,063744,306,-10.739058,-71.217672,-61.860019,Night,-10:44:20.6,-71:13:03.6
210424,063754,306,-10.238308,-70.845427,-61.388272,Night,-10:14:17.9,-70:50:43.5
210424,063804,306,-9.737029,-70.474479,-60.910411,Night,-9:44:13.3,-70:28:28.1
210424,063814,306,-9.235247,-70.104768,-60.426731,Night,-9:14:06.9,-70:06:17.2
210424,063823,306,-8.783236,-69.773019,-59.986669,Night,-8:46:59.6,-69:46:22.9
210424,063833,306,-8.280573,-69.405466,-59.492703,Night,-8:16:50.1,-69:24:19.7
210424,063843,306,-7.777485,-69.038951,-58.993689,Night,-7:46:38.9,-69:02:20.2
210424,063852,306,-7.324366,-68.70992,-58.540465,Night,-7:19:27.7,-68:42:35.7
210424,063902,306,-6.820546,-68.345202,-58.032532,Night,-6:49:14.0,-68:20:42.7
210424,063912,306,-6.316379,-67.98133,-57.52022,Night,-6:18:59.0,-67:58:52.8
210424,063922,306,-5.811889,-67.618244,-57.003738,Night,-5:48:42.8,-67:37:05.7
210424,063931,306,-5.357595,-67.292089,-56.535501,Night,-5:21:27.3,-67:17:31.5
210424,063941,306,-4.852566,-66.930315,-56.011619,Night,-4:51:09.2,-66:55:49.1
210424,063951,306,-4.347289,-66.569141,-55.484099,Night,-4:20:50.2,-66:34:08.9
210424,064000,306,-3.892349,-66.244543,-55.006358,Night,-3:53:32.5,-66:14:40.4
210424,064010,306,-3.386672,-65.884333,-54.472384,Night,-3:23:12.0,-65:53:03.6
210424,064020,306,-2.880822,-65.524539,-53.935231,Night,-2:52:51.0,-65:31:28.3
210424,064030,306,-2.374823,-65.165093,-53.395035,Night,-2:22:29.4,-65:09:54.3
210424,064039,306,-1.919317,-64.841841,-52.906376,Night,-1:55:09.5,-64:50:30.6
210424,064049,306,-1.413104,-64.482887,-52.360773,Night,-1:24:47.2,-64:28:58.4
210424,064059,306,-0.906815,-64.124111,-51.81251,Night,-0:54:24.5,-64:07:26.8
210424,064108,306,-0.45111,-63.801296,-51.316881,Night,-0:27:04.0,-63:48:04.7
210424,064118,306,0.055256,-63.44267,-50.763865,Night,0:03:18.9,-63:26:33.6
210424,064128,306,0.561626,-63.084023,-50.208495,Night,0:33:41.9,-63:05:02.5
210424,064138,306,1.067976,-62.725302,-49.650872,Night,1:04:04.7,-62:43:31.1
210424,064147,306,1.523652,-62.402336,-49.147166,Night,1:31:25.1,-62:24:08.4
210424,064157,306,2.029894,-62.043307,-48.585533,Night,2:01:47.6,-62:02:35.9
210424,064207,306,2.536043,-61.684012,-48.021899,Night,2:32:09.8,-61:41:02.4
210424,064217,306,3.042075,-61.324403,-47.456363,Night,3:02:31.5,-61:19:27.8
210424,064226,306,3.497382,-61.000426,-46.945813,Night,3:29:50.6,-61:00:01.5
210424,064236,306,4.00312,-60.640031,-46.376855,Night,4:00:11.2,-60:38:24.1
210424,064246,306,4.508668,-60.279138,-45.806209,Night,4:30:31.2,-60:16:44.9
210424,064255,306,4.963477,-59.95385,-45.291234,Night,4:57:48.5,-59:57:13.9
210424,064305,306,5.468592,-59.591823,-44.717546,Night,5:28:06.9,-59:35:30.6
210424,064315,306,5.973443,-59.229106,-44.142351,Night,5:58:24.4,-59:13:44.8
210424,064325,306,6.478003,-58.865637,-43.565706,Night,6:28:40.8,-58:51:56.3
210424,064334,306,6.931837,-58.537822,-43.045532,Night,6:55:54.6,-58:32:16.2
210424,064344,306,7.435773,-58.172748,-42.466288,Night,7:26:08.8,-58:10:21.9
210424,064354,306,7.939344,-57.806725,-41.885739,Night,7:56:21.6,-57:48:24.2
210424,064403,306,8.392222,-57.476452,-41.362184,Night,8:23:32.0,-57:28:35.2
210424,064413,306,8.895023,-57.108465,-40.779313,Night,8:53:42.1,-57:06:30.5
210424,064423,306,9.39738,-56.739344,-40.195284,Night,9:23:50.6,-56:44:21.6
210424,064433,306,9.899266,-56.369025,-39.610138,Night,9:53:57.4,-56:22:08.5
210424,064442,306,10.350536,-56.034653,-39.082585,Night,10:21:01.9,-56:02:04.8
210424,064452,306,10.85145,-55.661865,-38.495431,Night,10:51:05.2,-55:39:42.7
210424,064502,306,11.351812,-55.287677,-37.90727,Night,11:21:06.5,-55:17:15.6
210424,064511,306,11.801642,-54.949657,-37.377104,Night,11:48:05.9,-54:56:58.8
210424,064521,306,12.300876,-54.572621,-36.787139,Night,12:18:03.2,-54:34:21.4
210424,064531,306,12.799475,-54.193989,-36.196277,Night,12:47:58.1,-54:11:38.4
210424,064541,306,13.297408,-53.813681,-35.604547,Night,13:17:50.7,-53:48:49.3
210424,064550,306,13.744954,-53.469917,-35.071273,Night,13:44:41.8,-53:28:11.7
210424,064600,306,14.24154,-53.086235,-34.477975,Night,14:14:29.5,-53:05:10.4
210424,064610,306,14.737375,-52.700674,-33.883899,Night,14:44:14.5,-52:42:02.4
210424,064620,306,15.232423,-52.313157,-33.289068,Night,15:13:56.7,-52:18:47.4
210424,064629,306,15.67727,-51.962655,-32.753096,Night,15:40:38.2,-51:57:45.6
210424,064639,306,16.170741,-51.571214,-32.156906,Night,16:10:14.7,-51:34:16.4
210424,064649,306,16.663334,-51.177597,-31.560033,Night,16:39:48.0,-51:10:39.3
210424,064658,306,17.105891,-50.821419,-31.022289,Night,17:06:21.2,-50:49:17.1
210424,064708,306,17.596724,-50.423455,-30.42419,Night,17:35:48.2,-50:25:24.4
210424,064718,306,18.086583,-50.023093,-29.825483,Night,18:05:11.7,-50:01:23.1
210424,064728,306,18.575432,-49.620249,-29.226185,Night,18:34:31.6,-49:37:12.9
210424,064737,306,19.014502,-49.255499,-28.686327,Night,19:00:52.2,-49:15:19.8
210424,064747,306,19.501334,-48.847717,-28.08596,Night,19:30:04.8,-48:50:51.8
210424,064757,306,19.987051,-48.437215,-27.48506,Night,19:59:13.4,-48:26:14.0
210424,064806,306,20.423212,-48.06537,-26.94381,Night,20:25:23.6,-48:03:55.3
210424,064816,306,20.906705,-47.649469,-26.341951,Night,20:54:24.1,-47:38:58.1
210424,064826,306,21.388976,-47.230608,-25.739612,Night,21:23:20.3,-47:13:50.2
210424,064836,306,21.869981,-46.80869,-25.136809,Night,21:52:11.9,-46:48:31.3
210424,064845,306,22.301771,-46.426285,-24.593906,Night,22:18:06.4,-46:25:34.6
210424,064855,306,22.780264,-45.998329,-23.990269,Night,22:46:48.9,-45:59:54.0
210424,064905,306,23.257371,-45.567064,-23.386221,Night,23:15:26.5,-45:34:01.4
210424,064914,306,23.685549,-45.176019,-22.842232,Night,23:41:08.0,-45:10:33.7
210424,064924,306,24.159911,-44.738207,-22.237429,Night,24:09:35.7,-44:44:17.5
210424,064934,306,24.632761,-44.296823,-21.632259,Night,24:37:57.9,-44:17:48.6
210424,064944,306,25.104058,-43.851761,-21.026727,Night,25:06:14.6,-43:51:06.3
210424,064953,306,25.526857,-43.447988,-20.481453,Night,25:31:36.7,-43:26:52.8
210424,065003,306,25.99507,-42.995682,-19.875277,Night,25:59:42.3,-42:59:44.5
210424,065013,306,26.461591,-42.539422,-19.268782,Night,26:27:41.7,-42:32:21.9
210424,065023,306,26.926371,-42.079108,-18.661977,Night,26:55:34.9,-42:04:44.8
210424,065032,306,27.343144,-41.661275,-18.1156,Night,27:20:35.3,-41:39:40.6
210424,065042,306,27.804476,-41.192977,-17.508246,Night,27:48:16.1,-41:11:34.7
210424,065052,306,28.263919,-40.720331,-16.900618,Night,28:15:50.1,-40:43:13.2
210424,065101,306,28.675757,-40.291142,-16.353529,Night,28:40:32.7,-40:17:28.1
210424,065111,306,29.131457,-39.809942,-15.745415,Night,29:07:53.2,-39:48:35.8
210424,065121,306,29.585111,-39.324087,-15.13706,Night,29:35:06.4,-39:19:26.7
210424,065131,306,30.036658,-38.833467,-14.528475,Night,30:02:12.0,-38:50:00.5
210424,065140,306,30.4412,-38.387746,-13.980561,Night,30:26:28.3,-38:23:15.9
210424,065150,306,30.888585,-37.88778,-13.371572,Night,30:53:18.9,-37:53:16.0
210424,065200,306,31.333687,-37.382728,-12.762381,Night,31:20:01.3,-37:22:57.8
210424,065209,306,31.73228,-36.923747,-12.213947,Night,31:43:56.2,-36:55:25.5
210424,065219,306,32.172882,-36.408733,-11.604404,Night,32:10:22.4,-36:24:31.4
210424,065229,306,32.611015,-35.888314,-10.994694,Night,32:36:39.7,-35:53:17.9
210424,065239,306,33.04662,-35.362372,-10.384819,Night,33:02:47.8,-35:21:44.5
210424,065248,306,33.436443,-34.884208,-9.835802,Night,33:26:11.2,-34:53:03.1
210424,065258,306,33.867049,-34.347457,-9.225647,Night,33:52:01.4,-34:20:50.8
210424,065308,306,34.294919,-33.80485,-8.615358,Night,34:17:41.7,-33:48:17.5
210424,065317,306,34.677608,-33.311399,-8.062103,Night,34:40:39.4,-33:18:41.0
210424,065327,306,35.100089,-32.757345,-7.428108,Night,35:06:00.3,-32:45:26.4
210424,065337,306,35.519617,-32.197095,-6.778887,Night,35:31:10.6,-32:11:49.5
210424,065347,306,35.936122,-31.630531,-6.100363,Night,35:56:10.0,-31:37:49.9
210424,065356,306,36.308323,-31.115128,-5.434825,Night,36:18:30.0,-31:06:54.5
210424,065406,306,36.718858,-30.536246,-4.501961,Night,36:43:07.9,-30:32:10.5
210424,065416,306,37.126132,-29.950711,-3.032976,Night,37:07:34.1,-29:57:02.6
210424,065426,306,37.530062,-29.358407,-2.412381,Night,37:31:48.2,-29:21:30.3
210424,065435,306,37.890669,-28.819447,-2.010705,Night,37:53:26.4,-28:49:10.0
210424,065445,306,38.288005,-28.213964,-1.593296,Night,38:17:16.8,-28:12:50.3
210424,065455,306,38.681742,-27.601375,-1.167921,Night,38:40:54.3,-27:36:05.0
210424,065504,306,39.03295,-27.04388,-0.76524,Day,39:01:58.6,-27:02:38.0
210424,065515,307,39.458047,-26.35444,-0.242226,Day,39:27:29.0,-26:21:16.0
210424,065525,308,39.840429,-25.719873,0.261624,Day,39:50:25.5,-25:43:11.5
210424,065536,309,40.256455,-25.013129,0.842323,Day,40:15:23.2,-25:00:47.3
210424,065546,310,40.630374,-24.362595,1.389301,Day,40:37:49.3,-24:21:45.3
210424,065557,311,41.036845,-23.63804,2.006842,Day,41:02:12.6,-23:38:16.9
210424,065607,312,41.401854,-22.971089,2.579073,Day,41:24:06.7,-22:58:15.9
210424,065618,313,41.798275,-22.228239,3.217361,Day,41:47:53.8,-22:13:41.7
210424,065628,314,42.153916,-21.544452,3.803666,Day,42:09:14.1,-21:32:40.0
210424,065639,315,42.539767,-20.782862,4.453577,Day,42:32:23.2,-20:46:58.3
210424,065649,316,42.885559,-20.081851,5.047927,Day,42:53:08.0,-20:04:54.7
210424,065700,317,43.260311,-19.301123,5.704658,Day,43:15:37.1,-19:18:04.0
210424,065710,318,43.595762,-18.582547,6.303786,Day,43:35:44.7,-18:34:57.2
210424,065721,319,43.958862,-17.782331,6.964635,Day,43:57:31.9,-17:46:56.4
210424,065731,320,44.283467,-17.045903,7.566717,Day,44:17:00.5,-17:02:45.3
210424,065742,321,44.634347,-16.225917,8.230148,Day,44:38:03.6,-16:13:33.3
210424,065752,322,44.94758,-15.47141,8.834101,Day,44:56:51.3,-15:28:17.1
210424,065803,323,45.285664,-14.63144,9.499178,Day,45:17:08.4,-14:37:53.2
210424,065813,324,45.586995,-13.858699,10.104323,Day,45:35:13.2,-13:51:31.3
210424,065824,325,45.911688,-12.998618,10.770442,Day,45:54:42.1,-12:59:55.0
210424,065834,326,46.200574,-12.207567,11.37633,Day,46:12:02.1,-12:12:27.2
210424,065845,327,46.51128,-11.327343,12.043079,Day,46:30:40.6,-11:19:38.4
210424,065855,328,46.787171,-10.518,12.649398,Day,46:47:13.8,-10:31:04.8
210424,065906,329,47.083277,-9.617704,13.316486,Day,47:04:59.8,-9:37:03.7
210424,065916,330,47.345625,-8.790187,13.923007,Day,47:20:44.2,-8:47:24.7
210424,065927,331,47.626523,-7.87001,14.59031,Day,47:37:35.5,-7:52:12.0
210424,065937,332,47.87477,-7.024549,15.197381,Day,47:52:29.2,-7:01:28.4
210424,065948,333,48.139856,-6.084807,15.864631,Day,48:08:23.5,-6:05:05.3
210424,065958,334,48.373449,-5.22175,16.470914,Day,48:22:24.4,-5:13:18.3
210424,070009,335,48.622119,-4.262898,17.137725,Day,48:37:19.6,-4:15:46.4
210424,070019,336,48.840518,-3.382724,17.743793,Day,48:50:25.9,-3:22:57.8
210424,070030,337,49.072177,-2.405362,18.410302,Day,49:04:19.8,-2:24:19.3
210424,070040,338,49.274849,-1.508683,19.016046,Day,49:16:29.5,-1:30:31.3
210424,070051,339,49.488925,-0.513562,19.682145,Day,49:29:20.1,-0:30:48.8
210424,070101,340,49.675355,0.398867,20.287465,Day,49:40:31.3,0:23:55.9
210424,070112,341,49.871289,1.410838,20.95305,Day,49:52:16.6,1:24:39.0
210424,070123,342,50.057507,2.43122,21.618326,Day,50:03:27.0,2:25:52.4
210424,070133,343,50.218252,3.365874,22.222832,Day,50:13:05.7,3:21:57.1
210424,070144,344,50.385541,4.401417,22.887447,Day,50:23:07.9,4:24:05.1
210424,070154,345,50.528852,5.349279,23.491312,Day,50:31:43.9,5:20:57.4
210424,070205,346,50.676735,6.398679,24.155176,Day,50:40:36.2,6:23:55.2
210424,070215,347,50.802203,7.358492,24.758316,Day,50:48:07.9,7:21:30.6
210424,070226,348,50.930245,8.420293,25.421336,Day,50:55:48.9,8:25:13.1
210424,070236,349,51.037499,9.39067,26.023666,Day,51:02:15.0,9:23:26.4
210424,070247,350,51.145321,10.463277,26.685749,Day,51:08:43.2,10:27:47.8
210424,070257,351,51.234031,11.442709,27.287186,Day,51:14:02.5,11:26:33.8
210424,070308,352,51.321297,12.524399,27.948236,Day,51:19:16.7,12:31:27.8
210424,070318,353,51.39119,13.511268,28.548688,Day,51:23:28.3,13:30:40.6
210424,070329,354,51.457631,14.600211,29.208604,Day,51:27:27.5,14:36:00.8
210424,070339,355,51.508489,15.592808,29.80798,Day,51:30:30.6,15:35:34.1
210424,070350,356,51.553889,16.687083,30.46666,Day,51:33:14.0,16:41:13.5
210424,070400,357,51.585543,17.683628,31.064861,Day,51:35:08.0,17:41:01.1
210424,070411,358,51.60976,18.781241,31.722195,Day,51:36:35.1,18:46:52.5
210424,070422,359,51.622843,19.879797,32.378778,Day,51:37:22.2,19:52:47.3
210424,070432,360,51.625066,20.878826,32.974989,Day,51:37:30.2,20:52:43.8
210424,070443,361,51.616873,21.977618,33.630038,Day,51:37:00.7,21:58:39.4
210424,070453,362,51.59976,22.97593,34.224801,Day,51:35:59.1,22:58:33.3
210424,070504,363,51.570315,24.072908,34.87819,Day,51:34:13.1,24:04:22.5
210424,070514,364,51.533921,25.068649,35.471382,Day,51:32:02.1,25:04:07.1
210424,070525,365,51.483323,26.161793,36.122972,Day,51:29:00.0,26:09:42.5
210424,070535,366,51.427759,27.153142,36.714459,Day,51:25:39.9,27:09:11.3
210424,070546,367,51.356168,28.240474,37.364099,Day,51:21:22.2,28:14:25.7
210424,070556,368,51.281617,29.225666,37.953739,Day,51:16:53.8,29:13:32.4
210424,070607,369,51.189259,30.305286,38.601265,Day,51:11:21.3,30:18:19.0
210424,070617,370,51.095955,31.282635,39.1889,Day,51:05:45.4,31:16:57.5
210424,070628,371,50.983121,32.352735,39.834131,Day,50:58:59.2,32:21:09.8
210424,070638,372,50.871348,33.320648,40.419598,Day,50:52:16.9,33:19:14.3
210424,070649,373,50.738381,34.379535,41.062339,Day,50:44:18.2,34:22:46.3
210424,070659,374,50.608481,35.33653,41.645449,Day,50:36:30.5,35:20:11.5
210424,070710,375,50.455779,36.382645,42.285493,Day,50:27:20.8,36:22:57.5
210424,070720,376,50.308134,37.327366,42.866045,Day,50:18:29.3,37:19:38.5
210424,070731,377,50.136136,38.359292,43.503155,Day,50:08:10.1,38:21:33.5
210424,070742,378,49.954224,39.383267,44.138626,Day,49:57:15.2,39:22:59.8
210424,070752,379,49.780362,40.306982,44.714848,Day,49:46:49.3,40:18:25.1
210424,070803,380,49.579909,41.314896,45.346985,Day,49:34:47.7,41:18:53.6
210424,070813,381,49.389433,42.223523,45.920041,Day,49:23:22.0,42:13:24.7
210424,070824,382,49.170976,43.214347,46.548552,Day,49:10:15.5,43:12:51.7
210424,070834,383,48.964383,44.107026,47.118162,Day,48:57:51.8,44:06:25.3
210424,070844,384,48.750294,44.991849,47.686028,Day,48:45:01.1,44:59:30.7
210424,070855,385,48.506286,45.955903,48.308572,Day,48:30:22.6,45:57:21.3
210424,070905,386,48.276856,46.823764,48.872514,Day,48:16:36.7,46:49:25.6
210424,070916,387,48.016267,47.768861,49.49055,Day,48:00:58.6,47:46:07.9
210424,070926,388,47.77203,48.619247,50.050212,Day,47:46:19.3,48:37:09.3
210424,070937,389,47.495459,49.544891,50.663314,Day,47:29:43.7,49:32:41.6
210424,070947,390,47.23697,50.377416,51.218284,Day,47:14:13.1,50:22:38.7
210424,070958,391,46.945024,51.283256,51.825986,Day,46:56:42.1,51:16:59.7
210424,071008,392,46.672834,52.097657,52.375813,Day,46:40:22.2,52:05:51.6
210424,071019,393,46.366121,52.983464,52.977587,Day,46:21:58.0,52:59:00.5
210424,071029,394,46.080783,53.779598,53.521765,Day,46:04:50.8,53:46:46.6
210424,071040,395,45.759911,54.64527,54.117023,Day,45:45:35.7,54:38:43.0
210424,071050,396,45.461982,55.423088,54.654982,Day,45:27:43.1,55:25:23.1
210424,071101,397,45.127552,56.268632,55.243072,Day,45:07:39.2,56:16:07.1
210424,071111,398,44.81757,57.028186,55.774184,Day,44:49:03.3,57:01:41.5
210424,071122,399,44.47018,57.853704,56.354361,Day,44:28:12.6,57:51:13.3
210424,071132,400,44.14868,58.595127,56.877922,Day,44:08:55.2,58:35:42.5
210424,071143,401,43.788913,59.400803,57.449363,Day,43:47:20.1,59:24:02.9
210424,071153,402,43.456423,60.124304,57.964571,Day,43:27:23.1,60:07:27.5
210424,071204,403,43.084847,60.910411,58.526341,Day,43:05:05.4,60:54:37.5
210424,071214,404,42.741876,61.616263,59.032307,Day,42:44:30.8,61:36:58.5
210424,071225,405,42.359047,62.38313,59.583374,Day,42:21:32.6,62:22:59.3
210424,071235,406,42.006094,63.071661,60.079088,Day,42:00:21.9,63:04:18.0
210424,071246,407,41.612552,63.819669,60.618277,Day,41:36:45.2,63:49:10.8
210424,071256,408,41.250094,64.491247,61.102613,Day,41:15:00.3,64:29:28.5
210424,071307,409,40.846362,65.220834,61.628606,Day,40:50:46.9,65:13:15.0
210424,071317,410,40.474871,65.875884,62.100298,Day,40:28:29.5,65:52:33.2
210424,071328,411,40.061447,66.587521,62.611627,Day,40:03:41.2,66:35:15.1
210424,071338,412,39.681371,67.226472,63.069256,Day,39:40:52.9,67:13:35.3
210424,071349,413,39.258742,67.920658,63.564268,Day,39:15:31.5,67:55:14.4
210424,071359,414,38.870514,68.543988,64.006249,Day,38:52:13.9,68:32:38.4
210424,071409,415,38.478547,69.160043,64.440178,Day,38:28:42.8,69:09:36.2
210424,071420,416,38.04318,69.82945,64.907691,Day,38:02:35.4,69:49:46.0
210424,071430,417,37.643666,70.430602,65.323315,Day,37:38:37.2,70:25:50.2
210424,071441,418,37.200216,71.083896,65.769585,Day,37:12:00.8,71:05:02.0
210424,071451,419,36.793546,71.670657,66.164855,Day,36:47:36.8,71:40:14.4
210424,071502,420,36.342426,72.308392,66.587555,Day,36:20:32.7,72:18:30.2
210424,071513,421,35.887457,72.93821,66.996895,Day,35:53:14.8,72:56:17.6
210424,071523,422,35.470593,73.50403,67.356819,Day,35:28:14.1,73:30:14.5
210424,071534,423,35.008565,74.119157,67.73862,Day,35:00:30.8,74:07:09.0
210424,071544,424,34.585455,74.671883,68.07224,Day,34:35:07.6,74:40:18.8
210424,071555,425,34.116737,75.272892,68.423681,Day,34:07:00.3,75:16:22.4
210424,071605,426,33.687716,75.813044,68.728376,Day,33:41:15.8,75:48:47.0
210424,071616,427,33.212673,76.400502,69.046512,Day,33:12:45.6,76:24:01.8
210424,071626,428,32.778057,76.928591,69.319563,Day,32:46:41.0,76:55:42.9
210424,071637,429,32.297028,77.503058,69.601397,Day,32:17:49.3,77:30:11.0
210424,071647,430,31.857116,78.019591,69.840091,Day,31:51:25.6,78:01:10.5
210424,071658,431,31.370427,78.581627,70.082652,Day,31:22:13.5,78:34:53.9
210424,071708,432,30.925515,79.087102,70.284347,Day,30:55:31.9,79:05:13.6
210424,071719,433,30.433475,79.637253,70.484827,Day,30:26:00.5,79:38:14.1
210424,071729,434,29.983834,80.132169,70.647078,Day,29:59:01.8,80:07:55.8
210424,071740,435,29.486743,80.670961,70.802943,Day,29:29:12.3,80:40:15.5
210424,071750,436,29.032638,81.155802,70.923619,Day,29:01:57.5,81:09:20.9
210424,071801,437,28.530774,81.683776,71.032765,Day,28:31:50.8,81:41:01.6
210424,071811,438,28.072457,82.159007,71.110192,Day,28:04:20.8,82:09:32.4
210424,071822,439,27.566092,82.676667,71.171063,Day,27:33:57.9,82:40:36.0
210424,071832,440,27.103803,83.142752,71.204114,Day,27:06:13.7,83:08:33.9
210424,071843,441,26.593195,83.650611,71.215814,Day,26:35:35.5,83:39:02.2
210424,071853,442,26.127159,84.108008,71.203998,Day,26:07:37.8,84:06:28.8
210424,071903,443,25.659419,84.561423,71.170838,Day,25:39:33.9,84:33:41.1
210424,071914,444,25.142994,85.05569,71.109851,Day,25:08:34.8,85:03:20.5
210424,071924,445,24.671827,85.501059,71.032328,Day,24:40:18.6,85:30:03.8
210424,071935,446,24.151747,85.98672,70.923066,Day,24:09:06.3,85:59:12.2
210424,071945,447,23.67736,86.424467,70.802301,Day,23:40:38.5,86:25:28.1
210424,071956,448,23.153844,86.901972,70.64634,Day,23:09:13.8,86:54:07.1
210424,072006,449,22.676433,87.332513,70.484014,Day,22:40:35.2,87:19:57.0
210424,072017,450,22.149694,87.802307,70.283466,Day,22:08:58.9,87:48:08.3
210424,072027,451,21.669443,88.226045,70.081709,Day,21:40:10.0,88:13:33.8
210424,072038,452,21.139681,88.688572,69.839101,Day,21:08:22.9,88:41:18.9
210424,072048,453,20.656773,89.10589,69.600372,Day,20:39:24.4,89:06:21.2
210424,072059,454,20.124183,89.561573,69.318511,Day,20:07:27.1,89:33:41.7
210424,072109,455,19.638788,89.972859,69.04544,Day,19:38:19.6,89:58:22.3
210424,072120,456,19.103556,90.422108,68.72731,Day,19:06:12.8,90:25:19.6
210424,072130,457,18.615841,90.827733,68.422629,Day,18:36:57.0,90:49:39.8
210424,072141,458,18.078145,91.27095,68.071223,Day,18:04:41.3,91:16:15.4
210424,072151,459,17.588268,91.671275,67.737636,Day,17:35:17.8,91:40:16.6
210424,072201,460,17.097417,92.069195,67.391216,Day,17:05:50.7,92:04:09.1
210424,072212,461,16.556396,92.50423,66.996035,Day,16:33:23.0,92:30:15.2
210424,072223,462,16.014282,92.93656,66.586777,Day,16:00:51.4,92:56:11.6
210424,072233,463,15.520539,93.327329,66.203132,Day,15:31:13.9,93:19:38.4
210424,072244,464,14.976458,93.754783,65.769012,Day,14:58:35.3,93:45:17.2
210424,072254,465,14.481,94.141283,65.363899,Day,14:28:51.6,94:08:28.6
210424,072305,466,13.935109,94.564215,64.90737,Day,13:56:06.4,94:33:51.2
210424,072315,467,13.438073,94.946774,64.482928,Day,13:26:17.1,94:56:48.4
210424,072326,468,12.890521,95.365546,64.006242,Day,12:53:25.9,95:21:56.0
210424,072336,469,12.392042,95.744485,63.564418,Day,12:23:31.4,95:44:40.1
210424,072347,470,11.842975,96.159453,63.069598,Day,11:50:34.7,96:09:34.0
210424,072357,471,11.343184,96.53508,62.612153,Day,11:20:35.5,96:32:06.3
210424,072408,472,10.792744,96.946578,62.10105,Day,10:47:33.9,96:56:47.7
210424,072418,473,10.291767,97.319213,61.629562,Day,10:17:30.4,97:19:09.2
210424,072429,474,9.740091,97.727576,61.103815,Day,9:44:24.3,97:43:39.3
210424,072439,475,9.238054,98.097513,60.619712,Day,9:14:17.0,98:05:51.0
210424,072450,476,8.685278,98.503083,60.080782,Day,8:41:07.0,98:30:11.1
210424,072500,477,8.182299,98.870615,59.585327,Day,8:10:56.3,98:52:14.2
210424,072511,478,7.628555,99.273706,59.034554,Day,7:37:42.8,99:16:25.3
210424,072521,479,7.124756,99.639134,58.528868,Day,7:07:29.1,99:38:20.9
210424,072532,480,6.570172,100.040066,57.967406,Day,6:34:12.6,100:02:24.2
210424,072542,481,6.065668,100.403678,57.452491,Day,6:03:56.4,100:24:13.2
210424,072553,482,5.510373,100.802773,56.881392,Day,5:30:37.3,100:48:10.0
210424,072603,483,5.005278,101.164855,56.358145,Day,5:00:19.0,101:09:53.5
210424,072614,484,4.449396,101.56242,55.77833,Day,4:26:57.8,101:33:44.7
210424,072624,485,3.943824,101.923259,55.247542,Day,3:56:37.8,101:55:23.7
210424,072635,486,3.387479,102.319601,54.659842,Day,3:23:14.9,102:19:10.6
210424,072645,487,2.881543,102.67947,54.122228,Day,2:52:53.6,102:40:46.1
210424,072656,488,2.324857,103.074904,53.527373,Day,2:19:29.5,103:04:29.7
210424,072706,489,1.818666,103.434083,52.983567,Day,1:49:07.2,103:26:02.7
210424,072717,490,1.261761,103.828909,52.38222,Day,1:15:42.3,103:49:44.1
210424,072727,491,0.755426,104.187678,51.832782,Day,0:45:19.5,104:11:15.6
210424,072738,492,0.198423,104.582204,51.225524,Day,0:11:54.3,104:34:55.9
210424,072748,493,-0.307947,104.940836,50.67096,Day,-0:18:28.6,104:56:27.0
210424,072759,494,-0.864927,105.335369,50.058316,Day,-0:51:53.7,105:20:07.3
210424,072809,495,-1.371222,105.694138,49.499084,Day,-1:22:16.4,105:41:38.9
210424,072820,496,-1.92806,106.088978,48.881529,Day,-1:55:41.0,106:05:20.3
